[Fri Oct 24 11:55:39 202] - name
[Fri Oct 24 11:55:39 202] - depth 5
[Fri Oct 24 11:55:39 202] - vcf
[Fri Oct 24 11:55:43 202] - name
[Fri Oct 24 11:55:43 202] - depth 5
[Fri Oct 24 11:55:43 202] - vcf
[Fri Oct 24 11:55:43 202] - new xxx
[Fri Oct 24 11:55:43 202] - next
[Fri Oct 24 11:55:45 202] - new xxx
[Fri Oct 24 11:55:45 202] - black JJJJ
[Fri Oct 24 11:55:45 202] - white JLJK
[Fri Oct 24 11:55:45 202] - next
[Fri Oct 24 11:55:50 202] - new xxx
[Fri Oct 24 11:55:50 202] - black JJJJ
[Fri Oct 24 11:55:50 202] - white JLJK
[Fri Oct 24 11:55:50 202] - black IKKK
[Fri Oct 24 11:55:50 202] - white JMJN
[Fri Oct 24 11:55:50 202] - next
[Fri Oct 24 11:55:53 202] - new xxx
[Fri Oct 24 11:55:53 202] - black JJJJ
[Fri Oct 24 11:55:53 202] - white JLJK
[Fri Oct 24 11:55:53 202] - black IKKK
[Fri Oct 24 11:55:53 202] - white JMJN
[Fri Oct 24 11:55:53 202] - black HLLL
[Fri Oct 24 11:55:53 202] - white JIJG
[Fri Oct 24 11:55:53 202] - next
[Fri Oct 24 11:56:03 202] - name
[Fri Oct 24 11:56:03 202] - depth 5
[Fri Oct 24 11:56:03 202] - vcf
[Fri Oct 24 11:56:05 202] - name
[Fri Oct 24 11:56:05 202] - depth 5
[Fri Oct 24 11:56:05 202] - vcf
[Fri Oct 24 11:56:05 202] - new xxx
[Fri Oct 24 11:56:05 202] - black JJJJ
[Fri Oct 24 11:56:05 202] - next
[Fri Oct 24 11:56:07 202] - new xxx
[Fri Oct 24 11:56:07 202] - black JJJJ
[Fri Oct 24 11:56:07 202] - white JKIJ
[Fri Oct 24 11:56:07 202] - black JLIK
[Fri Oct 24 11:56:07 202] - next
[Fri Oct 24 11:56:08 202] - new xxx
[Fri Oct 24 11:56:08 202] - black JJJJ
[Fri Oct 24 11:56:08 202] - white JKIJ
[Fri Oct 24 11:56:08 202] - black JLIK
[Fri Oct 24 11:56:08 202] - white HJHL
[Fri Oct 24 11:56:08 202] - black GJHK
[Fri Oct 24 11:56:08 202] - next
[Fri Oct 24 11:56:10 202] - new xxx
[Fri Oct 24 11:56:10 202] - black JJJJ
[Fri Oct 24 11:56:10 202] - white JKIJ
[Fri Oct 24 11:56:10 202] - black JLIK
[Fri Oct 24 11:56:10 202] - white HJHL
[Fri Oct 24 11:56:10 202] - black GJHK
[Fri Oct 24 11:56:10 202] - white ILFI
[Fri Oct 24 11:56:10 202] - black GKGL
[Fri Oct 24 11:56:10 202] - next
[Fri Oct 24 11:56:11 202] - new xxx
[Fri Oct 24 11:56:11 202] - black JJJJ
[Fri Oct 24 11:56:11 202] - white JKIJ
[Fri Oct 24 11:56:11 202] - black JLIK
[Fri Oct 24 11:56:11 202] - white HJHL
[Fri Oct 24 11:56:11 202] - black GJHK
[Fri Oct 24 11:56:11 202] - white ILFI
[Fri Oct 24 11:56:11 202] - black GKGL
[Fri Oct 24 11:56:11 202] - white GIGM
[Fri Oct 24 11:56:11 202] - black JNKM
[Fri Oct 24 11:56:11 202] - next
[Fri Oct 24 11:56:12 202] - new xxx
[Fri Oct 24 11:56:12 202] - black JJJJ
[Fri Oct 24 11:56:12 202] - white JKIJ
[Fri Oct 24 11:56:12 202] - black JLIK
[Fri Oct 24 11:56:12 202] - white HJHL
[Fri Oct 24 11:56:12 202] - black GJHK
[Fri Oct 24 11:56:12 202] - white ILFI
[Fri Oct 24 11:56:12 202] - black GKGL
[Fri Oct 24 11:56:12 202] - white GIGM
[Fri Oct 24 11:56:12 202] - black JNKM
[Fri Oct 24 11:56:12 202] - white LNFK
[Fri Oct 24 11:56:12 202] - black LLLI
[Fri Oct 24 11:56:12 202] - next
[Fri Oct 24 11:56:14 202] - new xxx
[Fri Oct 24 11:56:14 202] - black JJJJ
[Fri Oct 24 11:56:14 202] - white JKIJ
[Fri Oct 24 11:56:14 202] - black JLIK
[Fri Oct 24 11:56:14 202] - white HJHL
[Fri Oct 24 11:56:14 202] - black GJHK
[Fri Oct 24 11:56:14 202] - white ILFI
[Fri Oct 24 11:56:14 202] - black GKGL
[Fri Oct 24 11:56:14 202] - white GIGM
[Fri Oct 24 11:56:14 202] - black JNKM
[Fri Oct 24 11:56:14 202] - white LNFK
[Fri Oct 24 11:56:14 202] - black LLLI
[Fri Oct 24 11:56:14 202] - white MKKK
[Fri Oct 24 11:56:14 202] - black LHLG
[Fri Oct 24 11:56:14 202] - next
[Fri Oct 24 11:56:18 202] - new xxx
[Fri Oct 24 11:56:18 202] - black JJJJ
[Fri Oct 24 11:56:18 202] - white JKIJ
[Fri Oct 24 11:56:18 202] - black JLIK
[Fri Oct 24 11:56:18 202] - white HJHL
[Fri Oct 24 11:56:18 202] - black GJHK
[Fri Oct 24 11:56:18 202] - white ILFI
[Fri Oct 24 11:56:18 202] - black GKGL
[Fri Oct 24 11:56:18 202] - white GIGM
[Fri Oct 24 11:56:18 202] - black JNKM
[Fri Oct 24 11:56:18 202] - white LNFK
[Fri Oct 24 11:56:18 202] - black LLLI
[Fri Oct 24 11:56:18 202] - white MKKK
[Fri Oct 24 11:56:18 202] - black LHLG
[Fri Oct 24 11:56:18 202] - white LJLF
[Fri Oct 24 11:56:18 202] - black NEMF
[Fri Oct 24 11:56:18 202] - next
[Fri Oct 24 11:56:20 202] - new xxx
[Fri Oct 24 11:56:20 202] - black JJJJ
[Fri Oct 24 11:56:20 202] - white JKIJ
[Fri Oct 24 11:56:20 202] - black JLIK
[Fri Oct 24 11:56:20 202] - white HJHL
[Fri Oct 24 11:56:20 202] - black GJHK
[Fri Oct 24 11:56:20 202] - white ILFI
[Fri Oct 24 11:56:20 202] - black GKGL
[Fri Oct 24 11:56:20 202] - white GIGM
[Fri Oct 24 11:56:20 202] - black JNKM
[Fri Oct 24 11:56:20 202] - white LNFK
[Fri Oct 24 11:56:20 202] - black LLLI
[Fri Oct 24 11:56:20 202] - white MKKK
[Fri Oct 24 11:56:20 202] - black LHLG
[Fri Oct 24 11:56:20 202] - white LJLF
[Fri Oct 24 11:56:20 202] - black NEMF
[Fri Oct 24 11:56:20 202] - white KHOD
[Fri Oct 24 11:56:20 202] - black KJKI
[Fri Oct 24 11:56:20 202] - next
[Fri Oct 24 11:56:23 202] - new xxx
[Fri Oct 24 11:56:23 202] - black JJJJ
[Fri Oct 24 11:56:23 202] - white JKIJ
[Fri Oct 24 11:56:23 202] - black JLIK
[Fri Oct 24 11:56:23 202] - white HJHL
[Fri Oct 24 11:56:23 202] - black GJHK
[Fri Oct 24 11:56:23 202] - white ILFI
[Fri Oct 24 11:56:23 202] - black GKGL
[Fri Oct 24 11:56:23 202] - white GIGM
[Fri Oct 24 11:56:23 202] - black JNKM
[Fri Oct 24 11:56:23 202] - white LNFK
[Fri Oct 24 11:56:23 202] - black LLLI
[Fri Oct 24 11:56:23 202] - white MKKK
[Fri Oct 24 11:56:23 202] - black LHLG
[Fri Oct 24 11:56:23 202] - white LJLF
[Fri Oct 24 11:56:23 202] - black NEMF
[Fri Oct 24 11:56:23 202] - white KHOD
[Fri Oct 24 11:56:23 202] - black KJKI
[Fri Oct 24 11:56:23 202] - white MGIO
[Fri Oct 24 11:56:23 202] - black MINI
[Fri Oct 24 11:56:23 202] - next
[Fri Oct 24 11:56:24 202] - new xxx
[Fri Oct 24 11:56:24 202] - black JJJJ
[Fri Oct 24 11:56:24 202] - white JKIJ
[Fri Oct 24 11:56:24 202] - black JLIK
[Fri Oct 24 11:56:24 202] - white HJHL
[Fri Oct 24 11:56:24 202] - black GJHK
[Fri Oct 24 11:56:24 202] - white ILFI
[Fri Oct 24 11:56:24 202] - black GKGL
[Fri Oct 24 11:56:24 202] - white GIGM
[Fri Oct 24 11:56:24 202] - black JNKM
[Fri Oct 24 11:56:24 202] - white LNFK
[Fri Oct 24 11:56:24 202] - black LLLI
[Fri Oct 24 11:56:24 202] - white MKKK
[Fri Oct 24 11:56:24 202] - black LHLG
[Fri Oct 24 11:56:24 202] - white LJLF
[Fri Oct 24 11:56:24 202] - black NEMF
[Fri Oct 24 11:56:24 202] - white KHOD
[Fri Oct 24 11:56:24 202] - black KJKI
[Fri Oct 24 11:56:24 202] - white MGIO
[Fri Oct 24 11:56:24 202] - black MINI
[Fri Oct 24 11:56:24 202] - white JIOI
[Fri Oct 24 11:56:24 202] - black MHNH
[Fri Oct 24 11:56:24 202] - next
[Fri Oct 24 11:56:26 202] - new xxx
[Fri Oct 24 11:56:26 202] - black JJJJ
[Fri Oct 24 11:56:26 202] - white JKIJ
[Fri Oct 24 11:56:26 202] - black JLIK
[Fri Oct 24 11:56:26 202] - white HJHL
[Fri Oct 24 11:56:26 202] - black GJHK
[Fri Oct 24 11:56:26 202] - white ILFI
[Fri Oct 24 11:56:26 202] - black GKGL
[Fri Oct 24 11:56:26 202] - white GIGM
[Fri Oct 24 11:56:26 202] - black JNKM
[Fri Oct 24 11:56:26 202] - white LNFK
[Fri Oct 24 11:56:26 202] - black LLLI
[Fri Oct 24 11:56:26 202] - white MKKK
[Fri Oct 24 11:56:26 202] - black LHLG
[Fri Oct 24 11:56:26 202] - white LJLF
[Fri Oct 24 11:56:26 202] - black NEMF
[Fri Oct 24 11:56:26 202] - white KHOD
[Fri Oct 24 11:56:26 202] - black KJKI
[Fri Oct 24 11:56:26 202] - white MGIO
[Fri Oct 24 11:56:26 202] - black MINI
[Fri Oct 24 11:56:26 202] - white JIOI
[Fri Oct 24 11:56:26 202] - black MHNH
[Fri Oct 24 11:56:26 202] - white OJNG
[Fri Oct 24 11:56:26 202] - black MJLK
[Fri Oct 24 11:56:26 202] - next
[Fri Oct 24 11:56:28 202] - new xxx
[Fri Oct 24 11:56:28 202] - black JJJJ
[Fri Oct 24 11:56:28 202] - white JKIJ
[Fri Oct 24 11:56:28 202] - black JLIK
[Fri Oct 24 11:56:28 202] - white HJHL
[Fri Oct 24 11:56:28 202] - black GJHK
[Fri Oct 24 11:56:28 202] - white ILFI
[Fri Oct 24 11:56:28 202] - black GKGL
[Fri Oct 24 11:56:28 202] - white GIGM
[Fri Oct 24 11:56:28 202] - black JNKM
[Fri Oct 24 11:56:28 202] - white LNFK
[Fri Oct 24 11:56:28 202] - black LLLI
[Fri Oct 24 11:56:28 202] - white MKKK
[Fri Oct 24 11:56:28 202] - black LHLG
[Fri Oct 24 11:56:28 202] - white LJLF
[Fri Oct 24 11:56:28 202] - black NEMF
[Fri Oct 24 11:56:28 202] - white KHOD
[Fri Oct 24 11:56:28 202] - black KJKI
[Fri Oct 24 11:56:28 202] - white MGIO
[Fri Oct 24 11:56:28 202] - black MINI
[Fri Oct 24 11:56:28 202] - white JIOI
[Fri Oct 24 11:56:28 202] - black MHNH
[Fri Oct 24 11:56:28 202] - white OJNG
[Fri Oct 24 11:56:28 202] - black MJLK
[Fri Oct 24 11:56:28 202] - white OHKL
[Fri Oct 24 11:56:28 202] - black NKNJ
[Fri Oct 24 11:56:28 202] - next
[Fri Oct 24 11:56:30 202] - new xxx
[Fri Oct 24 11:56:30 202] - black JJJJ
[Fri Oct 24 11:56:30 202] - white JKIJ
[Fri Oct 24 11:56:30 202] - black JLIK
[Fri Oct 24 11:56:30 202] - white HJHL
[Fri Oct 24 11:56:30 202] - black GJHK
[Fri Oct 24 11:56:30 202] - white ILFI
[Fri Oct 24 11:56:30 202] - black GKGL
[Fri Oct 24 11:56:30 202] - white GIGM
[Fri Oct 24 11:56:30 202] - black JNKM
[Fri Oct 24 11:56:30 202] - white LNFK
[Fri Oct 24 11:56:30 202] - black LLLI
[Fri Oct 24 11:56:30 202] - white MKKK
[Fri Oct 24 11:56:30 202] - black LHLG
[Fri Oct 24 11:56:30 202] - white LJLF
[Fri Oct 24 11:56:30 202] - black NEMF
[Fri Oct 24 11:56:30 202] - white KHOD
[Fri Oct 24 11:56:30 202] - black KJKI
[Fri Oct 24 11:56:30 202] - white MGIO
[Fri Oct 24 11:56:30 202] - black MINI
[Fri Oct 24 11:56:30 202] - white JIOI
[Fri Oct 24 11:56:30 202] - black MHNH
[Fri Oct 24 11:56:30 202] - white OJNG
[Fri Oct 24 11:56:30 202] - black MJLK
[Fri Oct 24 11:56:30 202] - white OHKL
[Fri Oct 24 11:56:30 202] - black NKNJ
[Fri Oct 24 11:56:30 202] - white NLOK
[Fri Oct 24 11:56:30 202] - black MLMM
[Fri Oct 24 11:56:30 202] - next
[Fri Oct 24 11:56:31 202] - new xxx
[Fri Oct 24 11:56:31 202] - black JJJJ
[Fri Oct 24 11:56:31 202] - white JKIJ
[Fri Oct 24 11:56:31 202] - black JLIK
[Fri Oct 24 11:56:31 202] - white HJHL
[Fri Oct 24 11:56:31 202] - black GJHK
[Fri Oct 24 11:56:31 202] - white ILFI
[Fri Oct 24 11:56:31 202] - black GKGL
[Fri Oct 24 11:56:31 202] - white GIGM
[Fri Oct 24 11:56:31 202] - black JNKM
[Fri Oct 24 11:56:31 202] - white LNFK
[Fri Oct 24 11:56:31 202] - black LLLI
[Fri Oct 24 11:56:31 202] - white MKKK
[Fri Oct 24 11:56:31 202] - black LHLG
[Fri Oct 24 11:56:31 202] - white LJLF
[Fri Oct 24 11:56:31 202] - black NEMF
[Fri Oct 24 11:56:31 202] - white KHOD
[Fri Oct 24 11:56:31 202] - black KJKI
[Fri Oct 24 11:56:31 202] - white MGIO
[Fri Oct 24 11:56:31 202] - black MINI
[Fri Oct 24 11:56:31 202] - white JIOI
[Fri Oct 24 11:56:31 202] - black MHNH
[Fri Oct 24 11:56:31 202] - white OJNG
[Fri Oct 24 11:56:31 202] - black MJLK
[Fri Oct 24 11:56:31 202] - white OHKL
[Fri Oct 24 11:56:31 202] - black NKNJ
[Fri Oct 24 11:56:31 202] - white NLOK
[Fri Oct 24 11:56:31 202] - black MLMM
[Fri Oct 24 11:56:31 202] - white NMKG
[Fri Oct 24 11:56:31 202] - black LMKN
[Fri Oct 24 11:56:31 202] - next
[Fri Oct 24 11:56:32 202] - new xxx
[Fri Oct 24 11:56:32 202] - black JJJJ
[Fri Oct 24 11:56:32 202] - white JKIJ
[Fri Oct 24 11:56:32 202] - black JLIK
[Fri Oct 24 11:56:32 202] - white HJHL
[Fri Oct 24 11:56:32 202] - black GJHK
[Fri Oct 24 11:56:32 202] - white ILFI
[Fri Oct 24 11:56:32 202] - black GKGL
[Fri Oct 24 11:56:32 202] - white GIGM
[Fri Oct 24 11:56:32 202] - black JNKM
[Fri Oct 24 11:56:32 202] - white LNFK
[Fri Oct 24 11:56:32 202] - black LLLI
[Fri Oct 24 11:56:32 202] - white MKKK
[Fri Oct 24 11:56:32 202] - black LHLG
[Fri Oct 24 11:56:32 202] - white LJLF
[Fri Oct 24 11:56:32 202] - black NEMF
[Fri Oct 24 11:56:32 202] - white KHOD
[Fri Oct 24 11:56:32 202] - black KJKI
[Fri Oct 24 11:56:32 202] - white MGIO
[Fri Oct 24 11:56:32 202] - black MINI
[Fri Oct 24 11:56:32 202] - white JIOI
[Fri Oct 24 11:56:32 202] - black MHNH
[Fri Oct 24 11:56:32 202] - white OJNG
[Fri Oct 24 11:56:32 202] - black MJLK
[Fri Oct 24 11:56:32 202] - white OHKL
[Fri Oct 24 11:56:32 202] - black NKNJ
[Fri Oct 24 11:56:32 202] - white NLOK
[Fri Oct 24 11:56:32 202] - black MLMM
[Fri Oct 24 11:56:32 202] - white NMKG
[Fri Oct 24 11:56:32 202] - black LMKN
[Fri Oct 24 11:56:32 202] - white JOJM
[Fri Oct 24 11:56:32 202] - black IMIN
[Fri Oct 24 11:56:32 202] - next
[Fri Oct 24 11:56:34 202] - new xxx
[Fri Oct 24 11:56:34 202] - black JJJJ
[Fri Oct 24 11:56:34 202] - white JKIJ
[Fri Oct 24 11:56:34 202] - black JLIK
[Fri Oct 24 11:56:34 202] - white HJHL
[Fri Oct 24 11:56:34 202] - black GJHK
[Fri Oct 24 11:56:34 202] - white ILFI
[Fri Oct 24 11:56:34 202] - black GKGL
[Fri Oct 24 11:56:34 202] - white GIGM
[Fri Oct 24 11:56:34 202] - black JNKM
[Fri Oct 24 11:56:34 202] - white LNFK
[Fri Oct 24 11:56:34 202] - black LLLI
[Fri Oct 24 11:56:34 202] - white MKKK
[Fri Oct 24 11:56:34 202] - black LHLG
[Fri Oct 24 11:56:34 202] - white LJLF
[Fri Oct 24 11:56:34 202] - black NEMF
[Fri Oct 24 11:56:34 202] - white KHOD
[Fri Oct 24 11:56:34 202] - black KJKI
[Fri Oct 24 11:56:34 202] - white MGIO
[Fri Oct 24 11:56:34 202] - black MINI
[Fri Oct 24 11:56:34 202] - white JIOI
[Fri Oct 24 11:56:34 202] - black MHNH
[Fri Oct 24 11:56:34 202] - white OJNG
[Fri Oct 24 11:56:34 202] - black MJLK
[Fri Oct 24 11:56:34 202] - white OHKL
[Fri Oct 24 11:56:34 202] - black NKNJ
[Fri Oct 24 11:56:34 202] - white NLOK
[Fri Oct 24 11:56:34 202] - black MLMM
[Fri Oct 24 11:56:34 202] - white NMKG
[Fri Oct 24 11:56:34 202] - black LMKN
[Fri Oct 24 11:56:34 202] - white JOJM
[Fri Oct 24 11:56:34 202] - black IMIN
[Fri Oct 24 11:56:34 202] - white HNKF
[Fri Oct 24 11:56:34 202] - black FMFL
[Fri Oct 24 11:56:34 202] - next
[Fri Oct 24 11:56:35 202] - new xxx
[Fri Oct 24 11:56:35 202] - black JJJJ
[Fri Oct 24 11:56:35 202] - white JKIJ
[Fri Oct 24 11:56:35 202] - black JLIK
[Fri Oct 24 11:56:35 202] - white HJHL
[Fri Oct 24 11:56:35 202] - black GJHK
[Fri Oct 24 11:56:35 202] - white ILFI
[Fri Oct 24 11:56:35 202] - black GKGL
[Fri Oct 24 11:56:35 202] - white GIGM
[Fri Oct 24 11:56:35 202] - black JNKM
[Fri Oct 24 11:56:35 202] - white LNFK
[Fri Oct 24 11:56:35 202] - black LLLI
[Fri Oct 24 11:56:35 202] - white MKKK
[Fri Oct 24 11:56:35 202] - black LHLG
[Fri Oct 24 11:56:35 202] - white LJLF
[Fri Oct 24 11:56:35 202] - black NEMF
[Fri Oct 24 11:56:35 202] - white KHOD
[Fri Oct 24 11:56:35 202] - black KJKI
[Fri Oct 24 11:56:35 202] - white MGIO
[Fri Oct 24 11:56:35 202] - black MINI
[Fri Oct 24 11:56:35 202] - white JIOI
[Fri Oct 24 11:56:35 202] - black MHNH
[Fri Oct 24 11:56:35 202] - white OJNG
[Fri Oct 24 11:56:35 202] - black MJLK
[Fri Oct 24 11:56:35 202] - white OHKL
[Fri Oct 24 11:56:35 202] - black NKNJ
[Fri Oct 24 11:56:35 202] - white NLOK
[Fri Oct 24 11:56:35 202] - black MLMM
[Fri Oct 24 11:56:35 202] - white NMKG
[Fri Oct 24 11:56:35 202] - black LMKN
[Fri Oct 24 11:56:35 202] - white JOJM
[Fri Oct 24 11:56:35 202] - black IMIN
[Fri Oct 24 11:56:35 202] - white HNKF
[Fri Oct 24 11:56:35 202] - black FMFL
[Fri Oct 24 11:56:35 202] - white ENKO
[Fri Oct 24 11:56:35 202] - black ELDL
[Fri Oct 24 11:56:35 202] - next
[Fri Oct 24 11:56:38 202] - new xxx
[Fri Oct 24 11:56:38 202] - black JJJJ
[Fri Oct 24 11:56:38 202] - white JKIJ
[Fri Oct 24 11:56:38 202] - black JLIK
[Fri Oct 24 11:56:38 202] - white HJHL
[Fri Oct 24 11:56:38 202] - black GJHK
[Fri Oct 24 11:56:38 202] - white ILFI
[Fri Oct 24 11:56:38 202] - black GKGL
[Fri Oct 24 11:56:38 202] - white GIGM
[Fri Oct 24 11:56:38 202] - black JNKM
[Fri Oct 24 11:56:38 202] - white LNFK
[Fri Oct 24 11:56:38 202] - black LLLI
[Fri Oct 24 11:56:38 202] - white MKKK
[Fri Oct 24 11:56:38 202] - black LHLG
[Fri Oct 24 11:56:38 202] - white LJLF
[Fri Oct 24 11:56:38 202] - black NEMF
[Fri Oct 24 11:56:38 202] - white KHOD
[Fri Oct 24 11:56:38 202] - black KJKI
[Fri Oct 24 11:56:38 202] - white MGIO
[Fri Oct 24 11:56:38 202] - black MINI
[Fri Oct 24 11:56:38 202] - white JIOI
[Fri Oct 24 11:56:38 202] - black MHNH
[Fri Oct 24 11:56:38 202] - white OJNG
[Fri Oct 24 11:56:38 202] - black MJLK
[Fri Oct 24 11:56:38 202] - white OHKL
[Fri Oct 24 11:56:38 202] - black NKNJ
[Fri Oct 24 11:56:38 202] - white NLOK
[Fri Oct 24 11:56:38 202] - black MLMM
[Fri Oct 24 11:56:38 202] - white NMKG
[Fri Oct 24 11:56:38 202] - black LMKN
[Fri Oct 24 11:56:38 202] - white JOJM
[Fri Oct 24 11:56:38 202] - black IMIN
[Fri Oct 24 11:56:38 202] - white HNKF
[Fri Oct 24 11:56:38 202] - black FMFL
[Fri Oct 24 11:56:38 202] - white ENKO
[Fri Oct 24 11:56:38 202] - black ELDL
[Fri Oct 24 11:56:38 202] - white CLDK
[Fri Oct 24 11:56:38 202] - black EHEJ
[Fri Oct 24 11:56:38 202] - next
[Fri Oct 24 11:56:51 202] - name
[Fri Oct 24 11:56:51 202] - depth 5
[Fri Oct 24 11:56:51 202] - vcf
[Fri Oct 24 11:56:53 202] - name
[Fri Oct 24 11:56:53 202] - depth 5
[Fri Oct 24 11:56:53 202] - vcf
[Fri Oct 24 11:56:53 202] - name
[Fri Oct 24 11:56:53 202] - depth 5
[Fri Oct 24 11:56:53 202] - vcf
[Fri Oct 24 11:56:53 202] - new xxx
[Fri Oct 24 11:56:53 202] - next
[Fri Oct 24 11:56:53 202] - new xxx
[Fri Oct 24 11:56:53 202] - black JJJJ
[Fri Oct 24 11:56:53 202] - next
[Fri Oct 24 11:56:54 202] - new xxx
[Fri Oct 24 11:56:54 202] - black JJJJ
[Fri Oct 24 11:56:54 202] - white JKIJ
[Fri Oct 24 11:56:54 202] - next
[Fri Oct 24 11:56:55 202] - new xxx
[Fri Oct 24 11:56:55 202] - black JJJJ
[Fri Oct 24 11:56:55 202] - white JKIJ
[Fri Oct 24 11:56:55 202] - black IKKJ
[Fri Oct 24 11:56:55 202] - next
[Fri Oct 24 11:56:56 202] - new xxx
[Fri Oct 24 11:56:56 202] - black JJJJ
[Fri Oct 24 11:56:56 202] - white JKIJ
[Fri Oct 24 11:56:56 202] - black IKKJ
[Fri Oct 24 11:56:56 202] - white KIHL
[Fri Oct 24 11:56:56 202] - next
[Fri Oct 24 11:56:57 202] - new xxx
[Fri Oct 24 11:56:57 202] - black JJJJ
[Fri Oct 24 11:56:57 202] - white JKIJ
[Fri Oct 24 11:56:57 202] - black IKKJ
[Fri Oct 24 11:56:57 202] - white KIHL
[Fri Oct 24 11:56:57 202] - black LJJI
[Fri Oct 24 11:56:57 202] - next
[Fri Oct 24 11:56:58 202] - new xxx
[Fri Oct 24 11:56:58 202] - black JJJJ
[Fri Oct 24 11:56:58 202] - white JKIJ
[Fri Oct 24 11:56:58 202] - black IKKJ
[Fri Oct 24 11:56:58 202] - white KIHL
[Fri Oct 24 11:56:58 202] - black LJJI
[Fri Oct 24 11:56:58 202] - white MJLK
[Fri Oct 24 11:56:58 202] - next
[Fri Oct 24 11:56:59 202] - new xxx
[Fri Oct 24 11:56:59 202] - black JJJJ
[Fri Oct 24 11:56:59 202] - white JKIJ
[Fri Oct 24 11:56:59 202] - black IKKJ
[Fri Oct 24 11:56:59 202] - white KIHL
[Fri Oct 24 11:56:59 202] - black LJJI
[Fri Oct 24 11:56:59 202] - white MJLK
[Fri Oct 24 11:56:59 202] - black JHIH
[Fri Oct 24 11:56:59 202] - next
[Fri Oct 24 11:57:00 202] - new xxx
[Fri Oct 24 11:57:00 202] - black JJJJ
[Fri Oct 24 11:57:00 202] - white JKIJ
[Fri Oct 24 11:57:00 202] - black IKKJ
[Fri Oct 24 11:57:00 202] - white KIHL
[Fri Oct 24 11:57:00 202] - black LJJI
[Fri Oct 24 11:57:00 202] - white MJLK
[Fri Oct 24 11:57:00 202] - black JHIH
[Fri Oct 24 11:57:00 202] - white JGHG
[Fri Oct 24 11:57:00 202] - next
[Fri Oct 24 11:57:01 202] - new xxx
[Fri Oct 24 11:57:01 202] - black JJJJ
[Fri Oct 24 11:57:01 202] - white JKIJ
[Fri Oct 24 11:57:01 202] - black IKKJ
[Fri Oct 24 11:57:01 202] - white KIHL
[Fri Oct 24 11:57:01 202] - black LJJI
[Fri Oct 24 11:57:01 202] - white MJLK
[Fri Oct 24 11:57:01 202] - black JHIH
[Fri Oct 24 11:57:01 202] - white JGHG
[Fri Oct 24 11:57:01 202] - black KHHH
[Fri Oct 24 11:57:01 202] - next
[Fri Oct 24 11:57:02 202] - new xxx
[Fri Oct 24 11:57:02 202] - black JJJJ
[Fri Oct 24 11:57:02 202] - white JKIJ
[Fri Oct 24 11:57:02 202] - black IKKJ
[Fri Oct 24 11:57:02 202] - white KIHL
[Fri Oct 24 11:57:02 202] - black LJJI
[Fri Oct 24 11:57:02 202] - white MJLK
[Fri Oct 24 11:57:02 202] - black JHIH
[Fri Oct 24 11:57:02 202] - white JGHG
[Fri Oct 24 11:57:02 202] - black KHHH
[Fri Oct 24 11:57:02 202] - white LHGH
[Fri Oct 24 11:57:02 202] - next
[Fri Oct 24 11:57:05 202] - new xxx
[Fri Oct 24 11:57:05 202] - black JJJJ
[Fri Oct 24 11:57:05 202] - white JKIJ
[Fri Oct 24 11:57:05 202] - black IKKJ
[Fri Oct 24 11:57:05 202] - white KIHL
[Fri Oct 24 11:57:05 202] - black LJJI
[Fri Oct 24 11:57:05 202] - white MJLK
[Fri Oct 24 11:57:05 202] - black JHIH
[Fri Oct 24 11:57:05 202] - white JGHG
[Fri Oct 24 11:57:05 202] - black KHHH
[Fri Oct 24 11:57:05 202] - white LHGH
[Fri Oct 24 11:57:05 202] - black IILG
[Fri Oct 24 11:57:05 202] - next
[Fri Oct 24 11:57:06 202] - new xxx
[Fri Oct 24 11:57:06 202] - black JJJJ
[Fri Oct 24 11:57:06 202] - white JKIJ
[Fri Oct 24 11:57:06 202] - black IKKJ
[Fri Oct 24 11:57:06 202] - white KIHL
[Fri Oct 24 11:57:06 202] - black LJJI
[Fri Oct 24 11:57:06 202] - white MJLK
[Fri Oct 24 11:57:06 202] - black JHIH
[Fri Oct 24 11:57:06 202] - white JGHG
[Fri Oct 24 11:57:06 202] - black KHHH
[Fri Oct 24 11:57:06 202] - white LHGH
[Fri Oct 24 11:57:06 202] - black IILG
[Fri Oct 24 11:57:06 202] - white KKGG
[Fri Oct 24 11:57:06 202] - next
[Fri Oct 24 11:57:08 202] - new xxx
[Fri Oct 24 11:57:08 202] - black JJJJ
[Fri Oct 24 11:57:08 202] - white JKIJ
[Fri Oct 24 11:57:08 202] - black IKKJ
[Fri Oct 24 11:57:08 202] - white KIHL
[Fri Oct 24 11:57:08 202] - black LJJI
[Fri Oct 24 11:57:08 202] - white MJLK
[Fri Oct 24 11:57:08 202] - black JHIH
[Fri Oct 24 11:57:08 202] - white JGHG
[Fri Oct 24 11:57:08 202] - black KHHH
[Fri Oct 24 11:57:08 202] - white LHGH
[Fri Oct 24 11:57:08 202] - black IILG
[Fri Oct 24 11:57:08 202] - white KKGG
[Fri Oct 24 11:57:08 202] - black MFKG
[Fri Oct 24 11:57:08 202] - next
[Fri Oct 24 11:57:08 202] - new xxx
[Fri Oct 24 11:57:08 202] - black JJJJ
[Fri Oct 24 11:57:08 202] - white JKIJ
[Fri Oct 24 11:57:08 202] - black IKKJ
[Fri Oct 24 11:57:08 202] - white KIHL
[Fri Oct 24 11:57:08 202] - black LJJI
[Fri Oct 24 11:57:08 202] - white MJLK
[Fri Oct 24 11:57:08 202] - black JHIH
[Fri Oct 24 11:57:08 202] - white JGHG
[Fri Oct 24 11:57:08 202] - black KHHH
[Fri Oct 24 11:57:08 202] - white LHGH
[Fri Oct 24 11:57:08 202] - black IILG
[Fri Oct 24 11:57:08 202] - white KKGG
[Fri Oct 24 11:57:08 202] - black MFKG
[Fri Oct 24 11:57:08 202] - white NELF
[Fri Oct 24 11:57:08 202] - next
[Fri Oct 24 11:57:10 202] - new xxx
[Fri Oct 24 11:57:10 202] - black JJJJ
[Fri Oct 24 11:57:10 202] - white JKIJ
[Fri Oct 24 11:57:10 202] - black IKKJ
[Fri Oct 24 11:57:10 202] - white KIHL
[Fri Oct 24 11:57:10 202] - black LJJI
[Fri Oct 24 11:57:10 202] - white MJLK
[Fri Oct 24 11:57:10 202] - black JHIH
[Fri Oct 24 11:57:10 202] - white JGHG
[Fri Oct 24 11:57:10 202] - black KHHH
[Fri Oct 24 11:57:10 202] - white LHGH
[Fri Oct 24 11:57:10 202] - black IILG
[Fri Oct 24 11:57:10 202] - white KKGG
[Fri Oct 24 11:57:10 202] - black MFKG
[Fri Oct 24 11:57:10 202] - white NELF
[Fri Oct 24 11:57:10 202] - black HJKF
[Fri Oct 24 11:57:10 202] - next
[Fri Oct 24 11:57:11 202] - new xxx
[Fri Oct 24 11:57:11 202] - black JJJJ
[Fri Oct 24 11:57:11 202] - white JKIJ
[Fri Oct 24 11:57:11 202] - black IKKJ
[Fri Oct 24 11:57:11 202] - white KIHL
[Fri Oct 24 11:57:11 202] - black LJJI
[Fri Oct 24 11:57:11 202] - white MJLK
[Fri Oct 24 11:57:11 202] - black JHIH
[Fri Oct 24 11:57:11 202] - white JGHG
[Fri Oct 24 11:57:11 202] - black KHHH
[Fri Oct 24 11:57:11 202] - white LHGH
[Fri Oct 24 11:57:11 202] - black IILG
[Fri Oct 24 11:57:11 202] - white KKGG
[Fri Oct 24 11:57:11 202] - black MFKG
[Fri Oct 24 11:57:11 202] - white NELF
[Fri Oct 24 11:57:11 202] - black HJKF
[Fri Oct 24 11:57:11 202] - white GKKE
[Fri Oct 24 11:57:11 202] - next
[Fri Oct 24 11:57:13 202] - new xxx
[Fri Oct 24 11:57:13 202] - black JJJJ
[Fri Oct 24 11:57:13 202] - white JKIJ
[Fri Oct 24 11:57:13 202] - black IKKJ
[Fri Oct 24 11:57:13 202] - white KIHL
[Fri Oct 24 11:57:13 202] - black LJJI
[Fri Oct 24 11:57:13 202] - white MJLK
[Fri Oct 24 11:57:13 202] - black JHIH
[Fri Oct 24 11:57:13 202] - white JGHG
[Fri Oct 24 11:57:13 202] - black KHHH
[Fri Oct 24 11:57:13 202] - white LHGH
[Fri Oct 24 11:57:13 202] - black IILG
[Fri Oct 24 11:57:13 202] - white KKGG
[Fri Oct 24 11:57:13 202] - black MFKG
[Fri Oct 24 11:57:13 202] - white NELF
[Fri Oct 24 11:57:13 202] - black HJKF
[Fri Oct 24 11:57:13 202] - white GKKE
[Fri Oct 24 11:57:13 202] - black HIGI
[Fri Oct 24 11:57:13 202] - next
[Fri Oct 24 11:57:13 202] - new xxx
[Fri Oct 24 11:57:13 202] - black JJJJ
[Fri Oct 24 11:57:13 202] - white JKIJ
[Fri Oct 24 11:57:13 202] - black IKKJ
[Fri Oct 24 11:57:13 202] - white KIHL
[Fri Oct 24 11:57:13 202] - black LJJI
[Fri Oct 24 11:57:13 202] - white MJLK
[Fri Oct 24 11:57:13 202] - black JHIH
[Fri Oct 24 11:57:13 202] - white JGHG
[Fri Oct 24 11:57:13 202] - black KHHH
[Fri Oct 24 11:57:13 202] - white LHGH
[Fri Oct 24 11:57:13 202] - black IILG
[Fri Oct 24 11:57:13 202] - white KKGG
[Fri Oct 24 11:57:13 202] - black MFKG
[Fri Oct 24 11:57:13 202] - white NELF
[Fri Oct 24 11:57:13 202] - black HJKF
[Fri Oct 24 11:57:13 202] - white GKKE
[Fri Oct 24 11:57:13 202] - black HIGI
[Fri Oct 24 11:57:13 202] - white FIFH
[Fri Oct 24 11:57:13 202] - next
[Fri Oct 24 11:57:15 202] - new xxx
[Fri Oct 24 11:57:15 202] - black JJJJ
[Fri Oct 24 11:57:15 202] - white JKIJ
[Fri Oct 24 11:57:15 202] - black IKKJ
[Fri Oct 24 11:57:15 202] - white KIHL
[Fri Oct 24 11:57:15 202] - black LJJI
[Fri Oct 24 11:57:15 202] - white MJLK
[Fri Oct 24 11:57:15 202] - black JHIH
[Fri Oct 24 11:57:15 202] - white JGHG
[Fri Oct 24 11:57:15 202] - black KHHH
[Fri Oct 24 11:57:15 202] - white LHGH
[Fri Oct 24 11:57:15 202] - black IILG
[Fri Oct 24 11:57:15 202] - white KKGG
[Fri Oct 24 11:57:15 202] - black MFKG
[Fri Oct 24 11:57:15 202] - white NELF
[Fri Oct 24 11:57:15 202] - black HJKF
[Fri Oct 24 11:57:15 202] - white GKKE
[Fri Oct 24 11:57:15 202] - black HIGI
[Fri Oct 24 11:57:15 202] - white FIFH
[Fri Oct 24 11:57:15 202] - black JLIG
[Fri Oct 24 11:57:15 202] - next
[Fri Oct 24 11:57:16 202] - new xxx
[Fri Oct 24 11:57:16 202] - black JJJJ
[Fri Oct 24 11:57:16 202] - white JKIJ
[Fri Oct 24 11:57:16 202] - black IKKJ
[Fri Oct 24 11:57:16 202] - white KIHL
[Fri Oct 24 11:57:16 202] - black LJJI
[Fri Oct 24 11:57:16 202] - white MJLK
[Fri Oct 24 11:57:16 202] - black JHIH
[Fri Oct 24 11:57:16 202] - white JGHG
[Fri Oct 24 11:57:16 202] - black KHHH
[Fri Oct 24 11:57:16 202] - white LHGH
[Fri Oct 24 11:57:16 202] - black IILG
[Fri Oct 24 11:57:16 202] - white KKGG
[Fri Oct 24 11:57:16 202] - black MFKG
[Fri Oct 24 11:57:16 202] - white NELF
[Fri Oct 24 11:57:16 202] - black HJKF
[Fri Oct 24 11:57:16 202] - white GKKE
[Fri Oct 24 11:57:16 202] - black HIGI
[Fri Oct 24 11:57:16 202] - white FIFH
[Fri Oct 24 11:57:16 202] - black JLIG
[Fri Oct 24 11:57:16 202] - white KMFJ
[Fri Oct 24 11:57:16 202] - next
[Fri Oct 24 11:57:18 202] - new xxx
[Fri Oct 24 11:57:18 202] - black JJJJ
[Fri Oct 24 11:57:18 202] - white JKIJ
[Fri Oct 24 11:57:18 202] - black IKKJ
[Fri Oct 24 11:57:18 202] - white KIHL
[Fri Oct 24 11:57:18 202] - black LJJI
[Fri Oct 24 11:57:18 202] - white MJLK
[Fri Oct 24 11:57:18 202] - black JHIH
[Fri Oct 24 11:57:18 202] - white JGHG
[Fri Oct 24 11:57:18 202] - black KHHH
[Fri Oct 24 11:57:18 202] - white LHGH
[Fri Oct 24 11:57:18 202] - black IILG
[Fri Oct 24 11:57:18 202] - white KKGG
[Fri Oct 24 11:57:18 202] - black MFKG
[Fri Oct 24 11:57:18 202] - white NELF
[Fri Oct 24 11:57:18 202] - black HJKF
[Fri Oct 24 11:57:18 202] - white GKKE
[Fri Oct 24 11:57:18 202] - black HIGI
[Fri Oct 24 11:57:18 202] - white FIFH
[Fri Oct 24 11:57:18 202] - black JLIG
[Fri Oct 24 11:57:18 202] - white KMFJ
[Fri Oct 24 11:57:18 202] - black IFJE
[Fri Oct 24 11:57:18 202] - next
[Fri Oct 24 11:57:18 202] - new xxx
[Fri Oct 24 11:57:18 202] - black JJJJ
[Fri Oct 24 11:57:18 202] - white JKIJ
[Fri Oct 24 11:57:18 202] - black IKKJ
[Fri Oct 24 11:57:18 202] - white KIHL
[Fri Oct 24 11:57:18 202] - black LJJI
[Fri Oct 24 11:57:18 202] - white MJLK
[Fri Oct 24 11:57:18 202] - black JHIH
[Fri Oct 24 11:57:18 202] - white JGHG
[Fri Oct 24 11:57:18 202] - black KHHH
[Fri Oct 24 11:57:18 202] - white LHGH
[Fri Oct 24 11:57:18 202] - black IILG
[Fri Oct 24 11:57:18 202] - white KKGG
[Fri Oct 24 11:57:18 202] - black MFKG
[Fri Oct 24 11:57:18 202] - white NELF
[Fri Oct 24 11:57:18 202] - black HJKF
[Fri Oct 24 11:57:18 202] - white GKKE
[Fri Oct 24 11:57:18 202] - black HIGI
[Fri Oct 24 11:57:18 202] - white FIFH
[Fri Oct 24 11:57:18 202] - black JLIG
[Fri Oct 24 11:57:18 202] - white KMFJ
[Fri Oct 24 11:57:18 202] - black IFJE
[Fri Oct 24 11:57:18 202] - white IEID
[Fri Oct 24 11:57:18 202] - next
[Fri Oct 24 11:57:20 202] - new xxx
[Fri Oct 24 11:57:20 202] - black JJJJ
[Fri Oct 24 11:57:20 202] - white JKIJ
[Fri Oct 24 11:57:20 202] - black IKKJ
[Fri Oct 24 11:57:20 202] - white KIHL
[Fri Oct 24 11:57:20 202] - black LJJI
[Fri Oct 24 11:57:20 202] - white MJLK
[Fri Oct 24 11:57:20 202] - black JHIH
[Fri Oct 24 11:57:20 202] - white JGHG
[Fri Oct 24 11:57:20 202] - black KHHH
[Fri Oct 24 11:57:20 202] - white LHGH
[Fri Oct 24 11:57:20 202] - black IILG
[Fri Oct 24 11:57:20 202] - white KKGG
[Fri Oct 24 11:57:20 202] - black MFKG
[Fri Oct 24 11:57:20 202] - white NELF
[Fri Oct 24 11:57:20 202] - black HJKF
[Fri Oct 24 11:57:20 202] - white GKKE
[Fri Oct 24 11:57:20 202] - black HIGI
[Fri Oct 24 11:57:20 202] - white FIFH
[Fri Oct 24 11:57:20 202] - black JLIG
[Fri Oct 24 11:57:20 202] - white KMFJ
[Fri Oct 24 11:57:20 202] - black IFJE
[Fri Oct 24 11:57:20 202] - white IEID
[Fri Oct 24 11:57:20 202] - black MHJF
[Fri Oct 24 11:57:20 202] - next
[Fri Oct 24 11:57:21 202] - new xxx
[Fri Oct 24 11:57:21 202] - black JJJJ
[Fri Oct 24 11:57:21 202] - white JKIJ
[Fri Oct 24 11:57:21 202] - black IKKJ
[Fri Oct 24 11:57:21 202] - white KIHL
[Fri Oct 24 11:57:21 202] - black LJJI
[Fri Oct 24 11:57:21 202] - white MJLK
[Fri Oct 24 11:57:21 202] - black JHIH
[Fri Oct 24 11:57:21 202] - white JGHG
[Fri Oct 24 11:57:21 202] - black KHHH
[Fri Oct 24 11:57:21 202] - white LHGH
[Fri Oct 24 11:57:21 202] - black IILG
[Fri Oct 24 11:57:21 202] - white KKGG
[Fri Oct 24 11:57:21 202] - black MFKG
[Fri Oct 24 11:57:21 202] - white NELF
[Fri Oct 24 11:57:21 202] - black HJKF
[Fri Oct 24 11:57:21 202] - white GKKE
[Fri Oct 24 11:57:21 202] - black HIGI
[Fri Oct 24 11:57:21 202] - white FIFH
[Fri Oct 24 11:57:21 202] - black JLIG
[Fri Oct 24 11:57:21 202] - white KMFJ
[Fri Oct 24 11:57:21 202] - black IFJE
[Fri Oct 24 11:57:21 202] - white IEID
[Fri Oct 24 11:57:21 202] - black MHJF
[Fri Oct 24 11:57:21 202] - white NIHF
[Fri Oct 24 11:57:21 202] - next
[Fri Oct 24 11:57:23 202] - new xxx
[Fri Oct 24 11:57:23 202] - black JJJJ
[Fri Oct 24 11:57:23 202] - white JKIJ
[Fri Oct 24 11:57:23 202] - black IKKJ
[Fri Oct 24 11:57:23 202] - white KIHL
[Fri Oct 24 11:57:23 202] - black LJJI
[Fri Oct 24 11:57:23 202] - white MJLK
[Fri Oct 24 11:57:23 202] - black JHIH
[Fri Oct 24 11:57:23 202] - white JGHG
[Fri Oct 24 11:57:23 202] - black KHHH
[Fri Oct 24 11:57:23 202] - white LHGH
[Fri Oct 24 11:57:23 202] - black IILG
[Fri Oct 24 11:57:23 202] - white KKGG
[Fri Oct 24 11:57:23 202] - black MFKG
[Fri Oct 24 11:57:23 202] - white NELF
[Fri Oct 24 11:57:23 202] - black HJKF
[Fri Oct 24 11:57:23 202] - white GKKE
[Fri Oct 24 11:57:23 202] - black HIGI
[Fri Oct 24 11:57:23 202] - white FIFH
[Fri Oct 24 11:57:23 202] - black JLIG
[Fri Oct 24 11:57:23 202] - white KMFJ
[Fri Oct 24 11:57:23 202] - black IFJE
[Fri Oct 24 11:57:23 202] - white IEID
[Fri Oct 24 11:57:23 202] - black MHJF
[Fri Oct 24 11:57:23 202] - white NIHF
[Fri Oct 24 11:57:23 202] - black MGLI
[Fri Oct 24 11:57:23 202] - next
[Fri Oct 24 11:57:24 202] - new xxx
[Fri Oct 24 11:57:24 202] - black JJJJ
[Fri Oct 24 11:57:24 202] - white JKIJ
[Fri Oct 24 11:57:24 202] - black IKKJ
[Fri Oct 24 11:57:24 202] - white KIHL
[Fri Oct 24 11:57:24 202] - black LJJI
[Fri Oct 24 11:57:24 202] - white MJLK
[Fri Oct 24 11:57:24 202] - black JHIH
[Fri Oct 24 11:57:24 202] - white JGHG
[Fri Oct 24 11:57:24 202] - black KHHH
[Fri Oct 24 11:57:24 202] - white LHGH
[Fri Oct 24 11:57:24 202] - black IILG
[Fri Oct 24 11:57:24 202] - white KKGG
[Fri Oct 24 11:57:24 202] - black MFKG
[Fri Oct 24 11:57:24 202] - white NELF
[Fri Oct 24 11:57:24 202] - black HJKF
[Fri Oct 24 11:57:24 202] - white GKKE
[Fri Oct 24 11:57:24 202] - black HIGI
[Fri Oct 24 11:57:24 202] - white FIFH
[Fri Oct 24 11:57:24 202] - black JLIG
[Fri Oct 24 11:57:24 202] - white KMFJ
[Fri Oct 24 11:57:24 202] - black IFJE
[Fri Oct 24 11:57:24 202] - white IEID
[Fri Oct 24 11:57:24 202] - black MHJF
[Fri Oct 24 11:57:24 202] - white NIHF
[Fri Oct 24 11:57:24 202] - black MGLI
[Fri Oct 24 11:57:24 202] - white NGME
[Fri Oct 24 11:57:24 202] - next
[Fri Oct 24 11:57:26 202] - new xxx
[Fri Oct 24 11:57:26 202] - black JJJJ
[Fri Oct 24 11:57:26 202] - white JKIJ
[Fri Oct 24 11:57:26 202] - black IKKJ
[Fri Oct 24 11:57:26 202] - white KIHL
[Fri Oct 24 11:57:26 202] - black LJJI
[Fri Oct 24 11:57:26 202] - white MJLK
[Fri Oct 24 11:57:26 202] - black JHIH
[Fri Oct 24 11:57:26 202] - white JGHG
[Fri Oct 24 11:57:26 202] - black KHHH
[Fri Oct 24 11:57:26 202] - white LHGH
[Fri Oct 24 11:57:26 202] - black IILG
[Fri Oct 24 11:57:26 202] - white KKGG
[Fri Oct 24 11:57:26 202] - black MFKG
[Fri Oct 24 11:57:26 202] - white NELF
[Fri Oct 24 11:57:26 202] - black HJKF
[Fri Oct 24 11:57:26 202] - white GKKE
[Fri Oct 24 11:57:26 202] - black HIGI
[Fri Oct 24 11:57:26 202] - white FIFH
[Fri Oct 24 11:57:26 202] - black JLIG
[Fri Oct 24 11:57:26 202] - white KMFJ
[Fri Oct 24 11:57:26 202] - black IFJE
[Fri Oct 24 11:57:26 202] - white IEID
[Fri Oct 24 11:57:26 202] - black MHJF
[Fri Oct 24 11:57:26 202] - white NIHF
[Fri Oct 24 11:57:26 202] - black MGLI
[Fri Oct 24 11:57:26 202] - white NGME
[Fri Oct 24 11:57:26 202] - black GJKD
[Fri Oct 24 11:57:26 202] - next
[Fri Oct 24 11:57:27 202] - new xxx
[Fri Oct 24 11:57:27 202] - black JJJJ
[Fri Oct 24 11:57:27 202] - white JKIJ
[Fri Oct 24 11:57:27 202] - black IKKJ
[Fri Oct 24 11:57:27 202] - white KIHL
[Fri Oct 24 11:57:27 202] - black LJJI
[Fri Oct 24 11:57:27 202] - white MJLK
[Fri Oct 24 11:57:27 202] - black JHIH
[Fri Oct 24 11:57:27 202] - white JGHG
[Fri Oct 24 11:57:27 202] - black KHHH
[Fri Oct 24 11:57:27 202] - white LHGH
[Fri Oct 24 11:57:27 202] - black IILG
[Fri Oct 24 11:57:27 202] - white KKGG
[Fri Oct 24 11:57:27 202] - black MFKG
[Fri Oct 24 11:57:27 202] - white NELF
[Fri Oct 24 11:57:27 202] - black HJKF
[Fri Oct 24 11:57:27 202] - white GKKE
[Fri Oct 24 11:57:27 202] - black HIGI
[Fri Oct 24 11:57:27 202] - white FIFH
[Fri Oct 24 11:57:27 202] - black JLIG
[Fri Oct 24 11:57:27 202] - white KMFJ
[Fri Oct 24 11:57:27 202] - black IFJE
[Fri Oct 24 11:57:27 202] - white IEID
[Fri Oct 24 11:57:27 202] - black MHJF
[Fri Oct 24 11:57:27 202] - white NIHF
[Fri Oct 24 11:57:27 202] - black MGLI
[Fri Oct 24 11:57:27 202] - white NGME
[Fri Oct 24 11:57:27 202] - black GJKD
[Fri Oct 24 11:57:27 202] - white FKLC
[Fri Oct 24 11:57:27 202] - next
[Fri Oct 24 11:57:29 202] - new xxx
[Fri Oct 24 11:57:29 202] - black JJJJ
[Fri Oct 24 11:57:29 202] - white JKIJ
[Fri Oct 24 11:57:29 202] - black IKKJ
[Fri Oct 24 11:57:29 202] - white KIHL
[Fri Oct 24 11:57:29 202] - black LJJI
[Fri Oct 24 11:57:29 202] - white MJLK
[Fri Oct 24 11:57:29 202] - black JHIH
[Fri Oct 24 11:57:29 202] - white JGHG
[Fri Oct 24 11:57:29 202] - black KHHH
[Fri Oct 24 11:57:29 202] - white LHGH
[Fri Oct 24 11:57:29 202] - black IILG
[Fri Oct 24 11:57:29 202] - white KKGG
[Fri Oct 24 11:57:29 202] - black MFKG
[Fri Oct 24 11:57:29 202] - white NELF
[Fri Oct 24 11:57:29 202] - black HJKF
[Fri Oct 24 11:57:29 202] - white GKKE
[Fri Oct 24 11:57:29 202] - black HIGI
[Fri Oct 24 11:57:29 202] - white FIFH
[Fri Oct 24 11:57:29 202] - black JLIG
[Fri Oct 24 11:57:29 202] - white KMFJ
[Fri Oct 24 11:57:29 202] - black IFJE
[Fri Oct 24 11:57:29 202] - white IEID
[Fri Oct 24 11:57:29 202] - black MHJF
[Fri Oct 24 11:57:29 202] - white NIHF
[Fri Oct 24 11:57:29 202] - black MGLI
[Fri Oct 24 11:57:29 202] - white NGME
[Fri Oct 24 11:57:29 202] - black GJKD
[Fri Oct 24 11:57:29 202] - white FKLC
[Fri Oct 24 11:57:29 202] - black LEJD
[Fri Oct 24 11:57:29 202] - next
[Fri Oct 24 11:57:30 202] - new xxx
[Fri Oct 24 11:57:30 202] - black JJJJ
[Fri Oct 24 11:57:30 202] - white JKIJ
[Fri Oct 24 11:57:30 202] - black IKKJ
[Fri Oct 24 11:57:30 202] - white KIHL
[Fri Oct 24 11:57:30 202] - black LJJI
[Fri Oct 24 11:57:30 202] - white MJLK
[Fri Oct 24 11:57:30 202] - black JHIH
[Fri Oct 24 11:57:30 202] - white JGHG
[Fri Oct 24 11:57:30 202] - black KHHH
[Fri Oct 24 11:57:30 202] - white LHGH
[Fri Oct 24 11:57:30 202] - black IILG
[Fri Oct 24 11:57:30 202] - white KKGG
[Fri Oct 24 11:57:30 202] - black MFKG
[Fri Oct 24 11:57:30 202] - white NELF
[Fri Oct 24 11:57:30 202] - black HJKF
[Fri Oct 24 11:57:30 202] - white GKKE
[Fri Oct 24 11:57:30 202] - black HIGI
[Fri Oct 24 11:57:30 202] - white FIFH
[Fri Oct 24 11:57:30 202] - black JLIG
[Fri Oct 24 11:57:30 202] - white KMFJ
[Fri Oct 24 11:57:30 202] - black IFJE
[Fri Oct 24 11:57:30 202] - white IEID
[Fri Oct 24 11:57:30 202] - black MHJF
[Fri Oct 24 11:57:30 202] - white NIHF
[Fri Oct 24 11:57:30 202] - black MGLI
[Fri Oct 24 11:57:30 202] - white NGME
[Fri Oct 24 11:57:30 202] - black GJKD
[Fri Oct 24 11:57:30 202] - white FKLC
[Fri Oct 24 11:57:30 202] - black LEJD
[Fri Oct 24 11:57:30 202] - white JCLD
[Fri Oct 24 11:57:30 202] - next
[Fri Oct 24 11:57:32 202] - new xxx
[Fri Oct 24 11:57:32 202] - black JJJJ
[Fri Oct 24 11:57:32 202] - white JKIJ
[Fri Oct 24 11:57:32 202] - black IKKJ
[Fri Oct 24 11:57:32 202] - white KIHL
[Fri Oct 24 11:57:32 202] - black LJJI
[Fri Oct 24 11:57:32 202] - white MJLK
[Fri Oct 24 11:57:32 202] - black JHIH
[Fri Oct 24 11:57:32 202] - white JGHG
[Fri Oct 24 11:57:32 202] - black KHHH
[Fri Oct 24 11:57:32 202] - white LHGH
[Fri Oct 24 11:57:32 202] - black IILG
[Fri Oct 24 11:57:32 202] - white KKGG
[Fri Oct 24 11:57:32 202] - black MFKG
[Fri Oct 24 11:57:32 202] - white NELF
[Fri Oct 24 11:57:32 202] - black HJKF
[Fri Oct 24 11:57:32 202] - white GKKE
[Fri Oct 24 11:57:32 202] - black HIGI
[Fri Oct 24 11:57:32 202] - white FIFH
[Fri Oct 24 11:57:32 202] - black JLIG
[Fri Oct 24 11:57:32 202] - white KMFJ
[Fri Oct 24 11:57:32 202] - black IFJE
[Fri Oct 24 11:57:32 202] - white IEID
[Fri Oct 24 11:57:32 202] - black MHJF
[Fri Oct 24 11:57:32 202] - white NIHF
[Fri Oct 24 11:57:32 202] - black MGLI
[Fri Oct 24 11:57:32 202] - white NGME
[Fri Oct 24 11:57:32 202] - black GJKD
[Fri Oct 24 11:57:32 202] - white FKLC
[Fri Oct 24 11:57:32 202] - black LEJD
[Fri Oct 24 11:57:32 202] - white JCLD
[Fri Oct 24 11:57:32 202] - black MDKC
[Fri Oct 24 11:57:32 202] - next
[Fri Oct 24 11:57:33 202] - new xxx
[Fri Oct 24 11:57:33 202] - black JJJJ
[Fri Oct 24 11:57:33 202] - white JKIJ
[Fri Oct 24 11:57:33 202] - black IKKJ
[Fri Oct 24 11:57:33 202] - white KIHL
[Fri Oct 24 11:57:33 202] - black LJJI
[Fri Oct 24 11:57:33 202] - white MJLK
[Fri Oct 24 11:57:33 202] - black JHIH
[Fri Oct 24 11:57:33 202] - white JGHG
[Fri Oct 24 11:57:33 202] - black KHHH
[Fri Oct 24 11:57:33 202] - white LHGH
[Fri Oct 24 11:57:33 202] - black IILG
[Fri Oct 24 11:57:33 202] - white KKGG
[Fri Oct 24 11:57:33 202] - black MFKG
[Fri Oct 24 11:57:33 202] - white NELF
[Fri Oct 24 11:57:33 202] - black HJKF
[Fri Oct 24 11:57:33 202] - white GKKE
[Fri Oct 24 11:57:33 202] - black HIGI
[Fri Oct 24 11:57:33 202] - white FIFH
[Fri Oct 24 11:57:33 202] - black JLIG
[Fri Oct 24 11:57:33 202] - white KMFJ
[Fri Oct 24 11:57:33 202] - black IFJE
[Fri Oct 24 11:57:33 202] - white IEID
[Fri Oct 24 11:57:33 202] - black MHJF
[Fri Oct 24 11:57:33 202] - white NIHF
[Fri Oct 24 11:57:33 202] - black MGLI
[Fri Oct 24 11:57:33 202] - white NGME
[Fri Oct 24 11:57:33 202] - black GJKD
[Fri Oct 24 11:57:33 202] - white FKLC
[Fri Oct 24 11:57:33 202] - black LEJD
[Fri Oct 24 11:57:33 202] - white JCLD
[Fri Oct 24 11:57:33 202] - black MDKC
[Fri Oct 24 11:57:33 202] - white NCLB
[Fri Oct 24 11:57:33 202] - next
[Fri Oct 24 11:57:36 202] - new xxx
[Fri Oct 24 11:57:36 202] - black JJJJ
[Fri Oct 24 11:57:36 202] - white JKIJ
[Fri Oct 24 11:57:36 202] - black IKKJ
[Fri Oct 24 11:57:36 202] - white KIHL
[Fri Oct 24 11:57:36 202] - black LJJI
[Fri Oct 24 11:57:36 202] - white MJLK
[Fri Oct 24 11:57:36 202] - black JHIH
[Fri Oct 24 11:57:36 202] - white JGHG
[Fri Oct 24 11:57:36 202] - black KHHH
[Fri Oct 24 11:57:36 202] - white LHGH
[Fri Oct 24 11:57:36 202] - black IILG
[Fri Oct 24 11:57:36 202] - white KKGG
[Fri Oct 24 11:57:36 202] - black MFKG
[Fri Oct 24 11:57:36 202] - white NELF
[Fri Oct 24 11:57:36 202] - black HJKF
[Fri Oct 24 11:57:36 202] - white GKKE
[Fri Oct 24 11:57:36 202] - black HIGI
[Fri Oct 24 11:57:36 202] - white FIFH
[Fri Oct 24 11:57:36 202] - black JLIG
[Fri Oct 24 11:57:36 202] - white KMFJ
[Fri Oct 24 11:57:36 202] - black IFJE
[Fri Oct 24 11:57:36 202] - white IEID
[Fri Oct 24 11:57:36 202] - black MHJF
[Fri Oct 24 11:57:36 202] - white NIHF
[Fri Oct 24 11:57:36 202] - black MGLI
[Fri Oct 24 11:57:36 202] - white NGME
[Fri Oct 24 11:57:36 202] - black GJKD
[Fri Oct 24 11:57:36 202] - white FKLC
[Fri Oct 24 11:57:36 202] - black LEJD
[Fri Oct 24 11:57:36 202] - white JCLD
[Fri Oct 24 11:57:36 202] - black MDKC
[Fri Oct 24 11:57:36 202] - white NCLB
[Fri Oct 24 11:57:36 202] - black KBHK
[Fri Oct 24 11:57:36 202] - next
[Fri Oct 24 11:57:38 202] - new xxx
[Fri Oct 24 11:57:38 202] - black JJJJ
[Fri Oct 24 11:57:38 202] - white JKIJ
[Fri Oct 24 11:57:38 202] - black IKKJ
[Fri Oct 24 11:57:38 202] - white KIHL
[Fri Oct 24 11:57:38 202] - black LJJI
[Fri Oct 24 11:57:38 202] - white MJLK
[Fri Oct 24 11:57:38 202] - black JHIH
[Fri Oct 24 11:57:38 202] - white JGHG
[Fri Oct 24 11:57:38 202] - black KHHH
[Fri Oct 24 11:57:38 202] - white LHGH
[Fri Oct 24 11:57:38 202] - black IILG
[Fri Oct 24 11:57:38 202] - white KKGG
[Fri Oct 24 11:57:38 202] - black MFKG
[Fri Oct 24 11:57:38 202] - white NELF
[Fri Oct 24 11:57:38 202] - black HJKF
[Fri Oct 24 11:57:38 202] - white GKKE
[Fri Oct 24 11:57:38 202] - black HIGI
[Fri Oct 24 11:57:38 202] - white FIFH
[Fri Oct 24 11:57:38 202] - black JLIG
[Fri Oct 24 11:57:38 202] - white KMFJ
[Fri Oct 24 11:57:38 202] - black IFJE
[Fri Oct 24 11:57:38 202] - white IEID
[Fri Oct 24 11:57:38 202] - black MHJF
[Fri Oct 24 11:57:38 202] - white NIHF
[Fri Oct 24 11:57:38 202] - black MGLI
[Fri Oct 24 11:57:38 202] - white NGME
[Fri Oct 24 11:57:38 202] - black GJKD
[Fri Oct 24 11:57:38 202] - white FKLC
[Fri Oct 24 11:57:38 202] - black LEJD
[Fri Oct 24 11:57:38 202] - white JCLD
[Fri Oct 24 11:57:38 202] - black MDKC
[Fri Oct 24 11:57:38 202] - white NCLB
[Fri Oct 24 11:57:38 202] - black KBHK
[Fri Oct 24 11:57:38 202] - white ILJB
[Fri Oct 24 11:57:38 202] - next
[Fri Oct 24 11:57:40 202] - new xxx
[Fri Oct 24 11:57:40 202] - black JJJJ
[Fri Oct 24 11:57:40 202] - white JKIJ
[Fri Oct 24 11:57:40 202] - black IKKJ
[Fri Oct 24 11:57:40 202] - white KIHL
[Fri Oct 24 11:57:40 202] - black LJJI
[Fri Oct 24 11:57:40 202] - white MJLK
[Fri Oct 24 11:57:40 202] - black JHIH
[Fri Oct 24 11:57:40 202] - white JGHG
[Fri Oct 24 11:57:40 202] - black KHHH
[Fri Oct 24 11:57:40 202] - white LHGH
[Fri Oct 24 11:57:40 202] - black IILG
[Fri Oct 24 11:57:40 202] - white KKGG
[Fri Oct 24 11:57:40 202] - black MFKG
[Fri Oct 24 11:57:40 202] - white NELF
[Fri Oct 24 11:57:40 202] - black HJKF
[Fri Oct 24 11:57:40 202] - white GKKE
[Fri Oct 24 11:57:40 202] - black HIGI
[Fri Oct 24 11:57:40 202] - white FIFH
[Fri Oct 24 11:57:40 202] - black JLIG
[Fri Oct 24 11:57:40 202] - white KMFJ
[Fri Oct 24 11:57:40 202] - black IFJE
[Fri Oct 24 11:57:40 202] - white IEID
[Fri Oct 24 11:57:40 202] - black MHJF
[Fri Oct 24 11:57:40 202] - white NIHF
[Fri Oct 24 11:57:40 202] - black MGLI
[Fri Oct 24 11:57:40 202] - white NGME
[Fri Oct 24 11:57:40 202] - black GJKD
[Fri Oct 24 11:57:40 202] - white FKLC
[Fri Oct 24 11:57:40 202] - black LEJD
[Fri Oct 24 11:57:40 202] - white JCLD
[Fri Oct 24 11:57:40 202] - black MDKC
[Fri Oct 24 11:57:40 202] - white NCLB
[Fri Oct 24 11:57:40 202] - black KBHK
[Fri Oct 24 11:57:40 202] - white ILJB
[Fri Oct 24 11:57:40 202] - black MIJM
[Fri Oct 24 11:57:40 202] - next
[Fri Oct 24 11:57:41 202] - new xxx
[Fri Oct 24 11:57:41 202] - black JJJJ
[Fri Oct 24 11:57:41 202] - white JKIJ
[Fri Oct 24 11:57:41 202] - black IKKJ
[Fri Oct 24 11:57:41 202] - white KIHL
[Fri Oct 24 11:57:41 202] - black LJJI
[Fri Oct 24 11:57:41 202] - white MJLK
[Fri Oct 24 11:57:41 202] - black JHIH
[Fri Oct 24 11:57:41 202] - white JGHG
[Fri Oct 24 11:57:41 202] - black KHHH
[Fri Oct 24 11:57:41 202] - white LHGH
[Fri Oct 24 11:57:41 202] - black IILG
[Fri Oct 24 11:57:41 202] - white KKGG
[Fri Oct 24 11:57:41 202] - black MFKG
[Fri Oct 24 11:57:41 202] - white NELF
[Fri Oct 24 11:57:41 202] - black HJKF
[Fri Oct 24 11:57:41 202] - white GKKE
[Fri Oct 24 11:57:41 202] - black HIGI
[Fri Oct 24 11:57:41 202] - white FIFH
[Fri Oct 24 11:57:41 202] - black JLIG
[Fri Oct 24 11:57:41 202] - white KMFJ
[Fri Oct 24 11:57:41 202] - black IFJE
[Fri Oct 24 11:57:41 202] - white IEID
[Fri Oct 24 11:57:41 202] - black MHJF
[Fri Oct 24 11:57:41 202] - white NIHF
[Fri Oct 24 11:57:41 202] - black MGLI
[Fri Oct 24 11:57:41 202] - white NGME
[Fri Oct 24 11:57:41 202] - black GJKD
[Fri Oct 24 11:57:41 202] - white FKLC
[Fri Oct 24 11:57:41 202] - black LEJD
[Fri Oct 24 11:57:41 202] - white JCLD
[Fri Oct 24 11:57:41 202] - black MDKC
[Fri Oct 24 11:57:41 202] - white NCLB
[Fri Oct 24 11:57:41 202] - black KBHK
[Fri Oct 24 11:57:41 202] - white ILJB
[Fri Oct 24 11:57:41 202] - black MIJM
[Fri Oct 24 11:57:41 202] - white NHJN
[Fri Oct 24 11:57:41 202] - next
[Fri Oct 24 11:57:44 202] - new xxx
[Fri Oct 24 11:57:44 202] - black JJJJ
[Fri Oct 24 11:57:44 202] - white JKIJ
[Fri Oct 24 11:57:44 202] - black IKKJ
[Fri Oct 24 11:57:44 202] - white KIHL
[Fri Oct 24 11:57:44 202] - black LJJI
[Fri Oct 24 11:57:44 202] - white MJLK
[Fri Oct 24 11:57:44 202] - black JHIH
[Fri Oct 24 11:57:44 202] - white JGHG
[Fri Oct 24 11:57:44 202] - black KHHH
[Fri Oct 24 11:57:44 202] - white LHGH
[Fri Oct 24 11:57:44 202] - black IILG
[Fri Oct 24 11:57:44 202] - white KKGG
[Fri Oct 24 11:57:44 202] - black MFKG
[Fri Oct 24 11:57:44 202] - white NELF
[Fri Oct 24 11:57:44 202] - black HJKF
[Fri Oct 24 11:57:44 202] - white GKKE
[Fri Oct 24 11:57:44 202] - black HIGI
[Fri Oct 24 11:57:44 202] - white FIFH
[Fri Oct 24 11:57:44 202] - black JLIG
[Fri Oct 24 11:57:44 202] - white KMFJ
[Fri Oct 24 11:57:44 202] - black IFJE
[Fri Oct 24 11:57:44 202] - white IEID
[Fri Oct 24 11:57:44 202] - black MHJF
[Fri Oct 24 11:57:44 202] - white NIHF
[Fri Oct 24 11:57:44 202] - black MGLI
[Fri Oct 24 11:57:44 202] - white NGME
[Fri Oct 24 11:57:44 202] - black GJKD
[Fri Oct 24 11:57:44 202] - white FKLC
[Fri Oct 24 11:57:44 202] - black LEJD
[Fri Oct 24 11:57:44 202] - white JCLD
[Fri Oct 24 11:57:44 202] - black MDKC
[Fri Oct 24 11:57:44 202] - white NCLB
[Fri Oct 24 11:57:44 202] - black KBHK
[Fri Oct 24 11:57:44 202] - white ILJB
[Fri Oct 24 11:57:44 202] - black MIJM
[Fri Oct 24 11:57:44 202] - white NHJN
[Fri Oct 24 11:57:44 202] - black KLIM
[Fri Oct 24 11:57:44 202] - next
[Fri Oct 24 11:57:45 202] - new xxx
[Fri Oct 24 11:57:45 202] - black JJJJ
[Fri Oct 24 11:57:45 202] - white JKIJ
[Fri Oct 24 11:57:45 202] - black IKKJ
[Fri Oct 24 11:57:45 202] - white KIHL
[Fri Oct 24 11:57:45 202] - black LJJI
[Fri Oct 24 11:57:45 202] - white MJLK
[Fri Oct 24 11:57:45 202] - black JHIH
[Fri Oct 24 11:57:45 202] - white JGHG
[Fri Oct 24 11:57:45 202] - black KHHH
[Fri Oct 24 11:57:45 202] - white LHGH
[Fri Oct 24 11:57:45 202] - black IILG
[Fri Oct 24 11:57:45 202] - white KKGG
[Fri Oct 24 11:57:45 202] - black MFKG
[Fri Oct 24 11:57:45 202] - white NELF
[Fri Oct 24 11:57:45 202] - black HJKF
[Fri Oct 24 11:57:45 202] - white GKKE
[Fri Oct 24 11:57:45 202] - black HIGI
[Fri Oct 24 11:57:45 202] - white FIFH
[Fri Oct 24 11:57:45 202] - black JLIG
[Fri Oct 24 11:57:45 202] - white KMFJ
[Fri Oct 24 11:57:45 202] - black IFJE
[Fri Oct 24 11:57:45 202] - white IEID
[Fri Oct 24 11:57:45 202] - black MHJF
[Fri Oct 24 11:57:45 202] - white NIHF
[Fri Oct 24 11:57:45 202] - black MGLI
[Fri Oct 24 11:57:45 202] - white NGME
[Fri Oct 24 11:57:45 202] - black GJKD
[Fri Oct 24 11:57:45 202] - white FKLC
[Fri Oct 24 11:57:45 202] - black LEJD
[Fri Oct 24 11:57:45 202] - white JCLD
[Fri Oct 24 11:57:45 202] - black MDKC
[Fri Oct 24 11:57:45 202] - white NCLB
[Fri Oct 24 11:57:45 202] - black KBHK
[Fri Oct 24 11:57:45 202] - white ILJB
[Fri Oct 24 11:57:45 202] - black MIJM
[Fri Oct 24 11:57:45 202] - white NHJN
[Fri Oct 24 11:57:45 202] - black KLIM
[Fri Oct 24 11:57:45 202] - white INLL
[Fri Oct 24 11:57:45 202] - next
[Fri Oct 24 11:57:47 202] - new xxx
[Fri Oct 24 11:57:47 202] - black JJJJ
[Fri Oct 24 11:57:47 202] - white JKIJ
[Fri Oct 24 11:57:47 202] - black IKKJ
[Fri Oct 24 11:57:47 202] - white KIHL
[Fri Oct 24 11:57:47 202] - black LJJI
[Fri Oct 24 11:57:47 202] - white MJLK
[Fri Oct 24 11:57:47 202] - black JHIH
[Fri Oct 24 11:57:47 202] - white JGHG
[Fri Oct 24 11:57:47 202] - black KHHH
[Fri Oct 24 11:57:47 202] - white LHGH
[Fri Oct 24 11:57:47 202] - black IILG
[Fri Oct 24 11:57:47 202] - white KKGG
[Fri Oct 24 11:57:47 202] - black MFKG
[Fri Oct 24 11:57:47 202] - white NELF
[Fri Oct 24 11:57:47 202] - black HJKF
[Fri Oct 24 11:57:47 202] - white GKKE
[Fri Oct 24 11:57:47 202] - black HIGI
[Fri Oct 24 11:57:47 202] - white FIFH
[Fri Oct 24 11:57:47 202] - black JLIG
[Fri Oct 24 11:57:47 202] - white KMFJ
[Fri Oct 24 11:57:47 202] - black IFJE
[Fri Oct 24 11:57:47 202] - white IEID
[Fri Oct 24 11:57:47 202] - black MHJF
[Fri Oct 24 11:57:47 202] - white NIHF
[Fri Oct 24 11:57:47 202] - black MGLI
[Fri Oct 24 11:57:47 202] - white NGME
[Fri Oct 24 11:57:47 202] - black GJKD
[Fri Oct 24 11:57:47 202] - white FKLC
[Fri Oct 24 11:57:47 202] - black LEJD
[Fri Oct 24 11:57:47 202] - white JCLD
[Fri Oct 24 11:57:47 202] - black MDKC
[Fri Oct 24 11:57:47 202] - white NCLB
[Fri Oct 24 11:57:47 202] - black KBHK
[Fri Oct 24 11:57:47 202] - white ILJB
[Fri Oct 24 11:57:47 202] - black MIJM
[Fri Oct 24 11:57:47 202] - white NHJN
[Fri Oct 24 11:57:47 202] - black KLIM
[Fri Oct 24 11:57:47 202] - white INLL
[Fri Oct 24 11:57:47 202] - black HMHN
[Fri Oct 24 11:57:47 202] - next
[Fri Oct 24 11:57:48 202] - new xxx
[Fri Oct 24 11:57:48 202] - black JJJJ
[Fri Oct 24 11:57:48 202] - white JKIJ
[Fri Oct 24 11:57:48 202] - black IKKJ
[Fri Oct 24 11:57:48 202] - white KIHL
[Fri Oct 24 11:57:48 202] - black LJJI
[Fri Oct 24 11:57:48 202] - white MJLK
[Fri Oct 24 11:57:48 202] - black JHIH
[Fri Oct 24 11:57:48 202] - white JGHG
[Fri Oct 24 11:57:48 202] - black KHHH
[Fri Oct 24 11:57:48 202] - white LHGH
[Fri Oct 24 11:57:48 202] - black IILG
[Fri Oct 24 11:57:48 202] - white KKGG
[Fri Oct 24 11:57:48 202] - black MFKG
[Fri Oct 24 11:57:48 202] - white NELF
[Fri Oct 24 11:57:48 202] - black HJKF
[Fri Oct 24 11:57:48 202] - white GKKE
[Fri Oct 24 11:57:48 202] - black HIGI
[Fri Oct 24 11:57:48 202] - white FIFH
[Fri Oct 24 11:57:48 202] - black JLIG
[Fri Oct 24 11:57:48 202] - white KMFJ
[Fri Oct 24 11:57:48 202] - black IFJE
[Fri Oct 24 11:57:48 202] - white IEID
[Fri Oct 24 11:57:48 202] - black MHJF
[Fri Oct 24 11:57:48 202] - white NIHF
[Fri Oct 24 11:57:48 202] - black MGLI
[Fri Oct 24 11:57:48 202] - white NGME
[Fri Oct 24 11:57:48 202] - black GJKD
[Fri Oct 24 11:57:48 202] - white FKLC
[Fri Oct 24 11:57:48 202] - black LEJD
[Fri Oct 24 11:57:48 202] - white JCLD
[Fri Oct 24 11:57:48 202] - black MDKC
[Fri Oct 24 11:57:48 202] - white NCLB
[Fri Oct 24 11:57:48 202] - black KBHK
[Fri Oct 24 11:57:48 202] - white ILJB
[Fri Oct 24 11:57:48 202] - black MIJM
[Fri Oct 24 11:57:48 202] - white NHJN
[Fri Oct 24 11:57:48 202] - black KLIM
[Fri Oct 24 11:57:48 202] - white INLL
[Fri Oct 24 11:57:48 202] - black HMHN
[Fri Oct 24 11:57:48 202] - white GMGO
[Fri Oct 24 11:57:48 202] - next
[Fri Oct 24 11:57:51 202] - new xxx
[Fri Oct 24 11:57:51 202] - black JJJJ
[Fri Oct 24 11:57:51 202] - white JKIJ
[Fri Oct 24 11:57:51 202] - black IKKJ
[Fri Oct 24 11:57:51 202] - white KIHL
[Fri Oct 24 11:57:51 202] - black LJJI
[Fri Oct 24 11:57:51 202] - white MJLK
[Fri Oct 24 11:57:51 202] - black JHIH
[Fri Oct 24 11:57:51 202] - white JGHG
[Fri Oct 24 11:57:51 202] - black KHHH
[Fri Oct 24 11:57:51 202] - white LHGH
[Fri Oct 24 11:57:51 202] - black IILG
[Fri Oct 24 11:57:51 202] - white KKGG
[Fri Oct 24 11:57:51 202] - black MFKG
[Fri Oct 24 11:57:51 202] - white NELF
[Fri Oct 24 11:57:51 202] - black HJKF
[Fri Oct 24 11:57:51 202] - white GKKE
[Fri Oct 24 11:57:51 202] - black HIGI
[Fri Oct 24 11:57:51 202] - white FIFH
[Fri Oct 24 11:57:51 202] - black JLIG
[Fri Oct 24 11:57:51 202] - white KMFJ
[Fri Oct 24 11:57:51 202] - black IFJE
[Fri Oct 24 11:57:51 202] - white IEID
[Fri Oct 24 11:57:51 202] - black MHJF
[Fri Oct 24 11:57:51 202] - white NIHF
[Fri Oct 24 11:57:51 202] - black MGLI
[Fri Oct 24 11:57:51 202] - white NGME
[Fri Oct 24 11:57:51 202] - black GJKD
[Fri Oct 24 11:57:51 202] - white FKLC
[Fri Oct 24 11:57:51 202] - black LEJD
[Fri Oct 24 11:57:51 202] - white JCLD
[Fri Oct 24 11:57:51 202] - black MDKC
[Fri Oct 24 11:57:51 202] - white NCLB
[Fri Oct 24 11:57:51 202] - black KBHK
[Fri Oct 24 11:57:51 202] - white ILJB
[Fri Oct 24 11:57:51 202] - black MIJM
[Fri Oct 24 11:57:51 202] - white NHJN
[Fri Oct 24 11:57:51 202] - black KLIM
[Fri Oct 24 11:57:51 202] - white INLL
[Fri Oct 24 11:57:51 202] - black HMHN
[Fri Oct 24 11:57:51 202] - white GMGO
[Fri Oct 24 11:57:51 202] - black HOGN
[Fri Oct 24 11:57:51 202] - next
[Fri Oct 24 11:57:52 202] - new xxx
[Fri Oct 24 11:57:52 202] - black JJJJ
[Fri Oct 24 11:57:52 202] - white JKIJ
[Fri Oct 24 11:57:52 202] - black IKKJ
[Fri Oct 24 11:57:52 202] - white KIHL
[Fri Oct 24 11:57:52 202] - black LJJI
[Fri Oct 24 11:57:52 202] - white MJLK
[Fri Oct 24 11:57:52 202] - black JHIH
[Fri Oct 24 11:57:52 202] - white JGHG
[Fri Oct 24 11:57:52 202] - black KHHH
[Fri Oct 24 11:57:52 202] - white LHGH
[Fri Oct 24 11:57:52 202] - black IILG
[Fri Oct 24 11:57:52 202] - white KKGG
[Fri Oct 24 11:57:52 202] - black MFKG
[Fri Oct 24 11:57:52 202] - white NELF
[Fri Oct 24 11:57:52 202] - black HJKF
[Fri Oct 24 11:57:52 202] - white GKKE
[Fri Oct 24 11:57:52 202] - black HIGI
[Fri Oct 24 11:57:52 202] - white FIFH
[Fri Oct 24 11:57:52 202] - black JLIG
[Fri Oct 24 11:57:52 202] - white KMFJ
[Fri Oct 24 11:57:52 202] - black IFJE
[Fri Oct 24 11:57:52 202] - white IEID
[Fri Oct 24 11:57:52 202] - black MHJF
[Fri Oct 24 11:57:52 202] - white NIHF
[Fri Oct 24 11:57:52 202] - black MGLI
[Fri Oct 24 11:57:52 202] - white NGME
[Fri Oct 24 11:57:52 202] - black GJKD
[Fri Oct 24 11:57:52 202] - white FKLC
[Fri Oct 24 11:57:52 202] - black LEJD
[Fri Oct 24 11:57:52 202] - white JCLD
[Fri Oct 24 11:57:52 202] - black MDKC
[Fri Oct 24 11:57:52 202] - white NCLB
[Fri Oct 24 11:57:52 202] - black KBHK
[Fri Oct 24 11:57:52 202] - white ILJB
[Fri Oct 24 11:57:52 202] - black MIJM
[Fri Oct 24 11:57:52 202] - white NHJN
[Fri Oct 24 11:57:52 202] - black KLIM
[Fri Oct 24 11:57:52 202] - white INLL
[Fri Oct 24 11:57:52 202] - black HMHN
[Fri Oct 24 11:57:52 202] - white GMGO
[Fri Oct 24 11:57:52 202] - black HOGN
[Fri Oct 24 11:57:52 202] - white HPIP
[Fri Oct 24 11:57:52 202] - next
[Fri Oct 24 11:57:55 202] - new xxx
[Fri Oct 24 11:57:55 202] - black JJJJ
[Fri Oct 24 11:57:55 202] - white JKIJ
[Fri Oct 24 11:57:55 202] - black IKKJ
[Fri Oct 24 11:57:55 202] - white KIHL
[Fri Oct 24 11:57:55 202] - black LJJI
[Fri Oct 24 11:57:55 202] - white MJLK
[Fri Oct 24 11:57:55 202] - black JHIH
[Fri Oct 24 11:57:55 202] - white JGHG
[Fri Oct 24 11:57:55 202] - black KHHH
[Fri Oct 24 11:57:55 202] - white LHGH
[Fri Oct 24 11:57:55 202] - black IILG
[Fri Oct 24 11:57:55 202] - white KKGG
[Fri Oct 24 11:57:55 202] - black MFKG
[Fri Oct 24 11:57:55 202] - white NELF
[Fri Oct 24 11:57:55 202] - black HJKF
[Fri Oct 24 11:57:55 202] - white GKKE
[Fri Oct 24 11:57:55 202] - black HIGI
[Fri Oct 24 11:57:55 202] - white FIFH
[Fri Oct 24 11:57:55 202] - black JLIG
[Fri Oct 24 11:57:55 202] - white KMFJ
[Fri Oct 24 11:57:55 202] - black IFJE
[Fri Oct 24 11:57:55 202] - white IEID
[Fri Oct 24 11:57:55 202] - black MHJF
[Fri Oct 24 11:57:55 202] - white NIHF
[Fri Oct 24 11:57:55 202] - black MGLI
[Fri Oct 24 11:57:55 202] - white NGME
[Fri Oct 24 11:57:55 202] - black GJKD
[Fri Oct 24 11:57:55 202] - white FKLC
[Fri Oct 24 11:57:55 202] - black LEJD
[Fri Oct 24 11:57:55 202] - white JCLD
[Fri Oct 24 11:57:55 202] - black MDKC
[Fri Oct 24 11:57:55 202] - white NCLB
[Fri Oct 24 11:57:55 202] - black KBHK
[Fri Oct 24 11:57:55 202] - white ILJB
[Fri Oct 24 11:57:55 202] - black MIJM
[Fri Oct 24 11:57:55 202] - white NHJN
[Fri Oct 24 11:57:55 202] - black KLIM
[Fri Oct 24 11:57:55 202] - white INLL
[Fri Oct 24 11:57:55 202] - black HMHN
[Fri Oct 24 11:57:55 202] - white GMGO
[Fri Oct 24 11:57:55 202] - black HOGN
[Fri Oct 24 11:57:55 202] - white HPIP
[Fri Oct 24 11:57:55 202] - black FOFN
[Fri Oct 24 11:57:55 202] - next
[Fri Oct 24 11:57:57 202] - new xxx
[Fri Oct 24 11:57:57 202] - black JJJJ
[Fri Oct 24 11:57:57 202] - white JKIJ
[Fri Oct 24 11:57:57 202] - black IKKJ
[Fri Oct 24 11:57:57 202] - white KIHL
[Fri Oct 24 11:57:57 202] - black LJJI
[Fri Oct 24 11:57:57 202] - white MJLK
[Fri Oct 24 11:57:57 202] - black JHIH
[Fri Oct 24 11:57:57 202] - white JGHG
[Fri Oct 24 11:57:57 202] - black KHHH
[Fri Oct 24 11:57:57 202] - white LHGH
[Fri Oct 24 11:57:57 202] - black IILG
[Fri Oct 24 11:57:57 202] - white KKGG
[Fri Oct 24 11:57:57 202] - black MFKG
[Fri Oct 24 11:57:57 202] - white NELF
[Fri Oct 24 11:57:57 202] - black HJKF
[Fri Oct 24 11:57:57 202] - white GKKE
[Fri Oct 24 11:57:57 202] - black HIGI
[Fri Oct 24 11:57:57 202] - white FIFH
[Fri Oct 24 11:57:57 202] - black JLIG
[Fri Oct 24 11:57:57 202] - white KMFJ
[Fri Oct 24 11:57:57 202] - black IFJE
[Fri Oct 24 11:57:57 202] - white IEID
[Fri Oct 24 11:57:57 202] - black MHJF
[Fri Oct 24 11:57:57 202] - white NIHF
[Fri Oct 24 11:57:57 202] - black MGLI
[Fri Oct 24 11:57:57 202] - white NGME
[Fri Oct 24 11:57:57 202] - black GJKD
[Fri Oct 24 11:57:57 202] - white FKLC
[Fri Oct 24 11:57:57 202] - black LEJD
[Fri Oct 24 11:57:57 202] - white JCLD
[Fri Oct 24 11:57:57 202] - black MDKC
[Fri Oct 24 11:57:57 202] - white NCLB
[Fri Oct 24 11:57:57 202] - black KBHK
[Fri Oct 24 11:57:57 202] - white ILJB
[Fri Oct 24 11:57:57 202] - black MIJM
[Fri Oct 24 11:57:57 202] - white NHJN
[Fri Oct 24 11:57:57 202] - black KLIM
[Fri Oct 24 11:57:57 202] - white INLL
[Fri Oct 24 11:57:57 202] - black HMHN
[Fri Oct 24 11:57:57 202] - white GMGO
[Fri Oct 24 11:57:57 202] - black HOGN
[Fri Oct 24 11:57:57 202] - white HPIP
[Fri Oct 24 11:57:57 202] - black FOFN
[Fri Oct 24 11:57:57 202] - white ENEP
[Fri Oct 24 11:57:57 202] - next
[Fri Oct 24 11:57:59 202] - new xxx
[Fri Oct 24 11:57:59 202] - black JJJJ
[Fri Oct 24 11:57:59 202] - white JKIJ
[Fri Oct 24 11:57:59 202] - black IKKJ
[Fri Oct 24 11:57:59 202] - white KIHL
[Fri Oct 24 11:57:59 202] - black LJJI
[Fri Oct 24 11:57:59 202] - white MJLK
[Fri Oct 24 11:57:59 202] - black JHIH
[Fri Oct 24 11:57:59 202] - white JGHG
[Fri Oct 24 11:57:59 202] - black KHHH
[Fri Oct 24 11:57:59 202] - white LHGH
[Fri Oct 24 11:57:59 202] - black IILG
[Fri Oct 24 11:57:59 202] - white KKGG
[Fri Oct 24 11:57:59 202] - black MFKG
[Fri Oct 24 11:57:59 202] - white NELF
[Fri Oct 24 11:57:59 202] - black HJKF
[Fri Oct 24 11:57:59 202] - white GKKE
[Fri Oct 24 11:57:59 202] - black HIGI
[Fri Oct 24 11:57:59 202] - white FIFH
[Fri Oct 24 11:57:59 202] - black JLIG
[Fri Oct 24 11:57:59 202] - white KMFJ
[Fri Oct 24 11:57:59 202] - black IFJE
[Fri Oct 24 11:57:59 202] - white IEID
[Fri Oct 24 11:57:59 202] - black MHJF
[Fri Oct 24 11:57:59 202] - white NIHF
[Fri Oct 24 11:57:59 202] - black MGLI
[Fri Oct 24 11:57:59 202] - white NGME
[Fri Oct 24 11:57:59 202] - black GJKD
[Fri Oct 24 11:57:59 202] - white FKLC
[Fri Oct 24 11:57:59 202] - black LEJD
[Fri Oct 24 11:57:59 202] - white JCLD
[Fri Oct 24 11:57:59 202] - black MDKC
[Fri Oct 24 11:57:59 202] - white NCLB
[Fri Oct 24 11:57:59 202] - black KBHK
[Fri Oct 24 11:57:59 202] - white ILJB
[Fri Oct 24 11:57:59 202] - black MIJM
[Fri Oct 24 11:57:59 202] - white NHJN
[Fri Oct 24 11:57:59 202] - black KLIM
[Fri Oct 24 11:57:59 202] - white INLL
[Fri Oct 24 11:57:59 202] - black HMHN
[Fri Oct 24 11:57:59 202] - white GMGO
[Fri Oct 24 11:57:59 202] - black HOGN
[Fri Oct 24 11:57:59 202] - white HPIP
[Fri Oct 24 11:57:59 202] - black FOFN
[Fri Oct 24 11:57:59 202] - white ENEP
[Fri Oct 24 11:57:59 202] - black FMFP
[Fri Oct 24 11:57:59 202] - next
[Fri Oct 24 11:58:03 202] - new xxx
[Fri Oct 24 11:58:03 202] - black JJJJ
[Fri Oct 24 11:58:03 202] - white JKIJ
[Fri Oct 24 11:58:03 202] - black IKKJ
[Fri Oct 24 11:58:03 202] - white KIHL
[Fri Oct 24 11:58:03 202] - black LJJI
[Fri Oct 24 11:58:03 202] - white MJLK
[Fri Oct 24 11:58:03 202] - black JHIH
[Fri Oct 24 11:58:03 202] - white JGHG
[Fri Oct 24 11:58:03 202] - black KHHH
[Fri Oct 24 11:58:03 202] - white LHGH
[Fri Oct 24 11:58:03 202] - black IILG
[Fri Oct 24 11:58:03 202] - white KKGG
[Fri Oct 24 11:58:03 202] - black MFKG
[Fri Oct 24 11:58:03 202] - white NELF
[Fri Oct 24 11:58:03 202] - black HJKF
[Fri Oct 24 11:58:03 202] - white GKKE
[Fri Oct 24 11:58:03 202] - black HIGI
[Fri Oct 24 11:58:03 202] - white FIFH
[Fri Oct 24 11:58:03 202] - black JLIG
[Fri Oct 24 11:58:03 202] - white KMFJ
[Fri Oct 24 11:58:03 202] - black IFJE
[Fri Oct 24 11:58:03 202] - white IEID
[Fri Oct 24 11:58:03 202] - black MHJF
[Fri Oct 24 11:58:03 202] - white NIHF
[Fri Oct 24 11:58:03 202] - black MGLI
[Fri Oct 24 11:58:03 202] - white NGME
[Fri Oct 24 11:58:03 202] - black GJKD
[Fri Oct 24 11:58:03 202] - white FKLC
[Fri Oct 24 11:58:03 202] - black LEJD
[Fri Oct 24 11:58:03 202] - white JCLD
[Fri Oct 24 11:58:03 202] - black MDKC
[Fri Oct 24 11:58:03 202] - white NCLB
[Fri Oct 24 11:58:03 202] - black KBHK
[Fri Oct 24 11:58:03 202] - white ILJB
[Fri Oct 24 11:58:03 202] - black MIJM
[Fri Oct 24 11:58:03 202] - white NHJN
[Fri Oct 24 11:58:03 202] - black KLIM
[Fri Oct 24 11:58:03 202] - white INLL
[Fri Oct 24 11:58:03 202] - black HMHN
[Fri Oct 24 11:58:03 202] - white GMGO
[Fri Oct 24 11:58:03 202] - black HOGN
[Fri Oct 24 11:58:03 202] - white HPIP
[Fri Oct 24 11:58:03 202] - black FOFN
[Fri Oct 24 11:58:03 202] - white ENEP
[Fri Oct 24 11:58:03 202] - black FMFP
[Fri Oct 24 11:58:03 202] - white FQEL
[Fri Oct 24 11:58:03 202] - next
[Fri Oct 24 11:58:05 202] - new xxx
[Fri Oct 24 11:58:05 202] - black JJJJ
[Fri Oct 24 11:58:05 202] - white JKIJ
[Fri Oct 24 11:58:05 202] - black IKKJ
[Fri Oct 24 11:58:05 202] - white KIHL
[Fri Oct 24 11:58:05 202] - black LJJI
[Fri Oct 24 11:58:05 202] - white MJLK
[Fri Oct 24 11:58:05 202] - black JHIH
[Fri Oct 24 11:58:05 202] - white JGHG
[Fri Oct 24 11:58:05 202] - black KHHH
[Fri Oct 24 11:58:05 202] - white LHGH
[Fri Oct 24 11:58:05 202] - black IILG
[Fri Oct 24 11:58:05 202] - white KKGG
[Fri Oct 24 11:58:05 202] - black MFKG
[Fri Oct 24 11:58:05 202] - white NELF
[Fri Oct 24 11:58:05 202] - black HJKF
[Fri Oct 24 11:58:05 202] - white GKKE
[Fri Oct 24 11:58:05 202] - black HIGI
[Fri Oct 24 11:58:05 202] - white FIFH
[Fri Oct 24 11:58:05 202] - black JLIG
[Fri Oct 24 11:58:05 202] - white KMFJ
[Fri Oct 24 11:58:05 202] - black IFJE
[Fri Oct 24 11:58:05 202] - white IEID
[Fri Oct 24 11:58:05 202] - black MHJF
[Fri Oct 24 11:58:05 202] - white NIHF
[Fri Oct 24 11:58:05 202] - black MGLI
[Fri Oct 24 11:58:05 202] - white NGME
[Fri Oct 24 11:58:05 202] - black GJKD
[Fri Oct 24 11:58:05 202] - white FKLC
[Fri Oct 24 11:58:05 202] - black LEJD
[Fri Oct 24 11:58:05 202] - white JCLD
[Fri Oct 24 11:58:05 202] - black MDKC
[Fri Oct 24 11:58:05 202] - white NCLB
[Fri Oct 24 11:58:05 202] - black KBHK
[Fri Oct 24 11:58:05 202] - white ILJB
[Fri Oct 24 11:58:05 202] - black MIJM
[Fri Oct 24 11:58:05 202] - white NHJN
[Fri Oct 24 11:58:05 202] - black KLIM
[Fri Oct 24 11:58:05 202] - white INLL
[Fri Oct 24 11:58:05 202] - black HMHN
[Fri Oct 24 11:58:05 202] - white GMGO
[Fri Oct 24 11:58:05 202] - black HOGN
[Fri Oct 24 11:58:05 202] - white HPIP
[Fri Oct 24 11:58:05 202] - black FOFN
[Fri Oct 24 11:58:05 202] - white ENEP
[Fri Oct 24 11:58:05 202] - black FMFP
[Fri Oct 24 11:58:05 202] - white FQEL
[Fri Oct 24 11:58:05 202] - black EOGL
[Fri Oct 24 11:58:05 202] - next
[Fri Oct 24 11:58:14 202] - new xxx
[Fri Oct 24 11:58:14 202] - black JJJJ
[Fri Oct 24 11:58:14 202] - white JKIJ
[Fri Oct 24 11:58:14 202] - black IKKJ
[Fri Oct 24 11:58:14 202] - white KIHL
[Fri Oct 24 11:58:14 202] - black LJJI
[Fri Oct 24 11:58:14 202] - white MJLK
[Fri Oct 24 11:58:14 202] - black JHIH
[Fri Oct 24 11:58:14 202] - white JGHG
[Fri Oct 24 11:58:14 202] - black KHHH
[Fri Oct 24 11:58:14 202] - white LHGH
[Fri Oct 24 11:58:14 202] - black IILG
[Fri Oct 24 11:58:14 202] - white KKGG
[Fri Oct 24 11:58:14 202] - black MFKG
[Fri Oct 24 11:58:14 202] - white NELF
[Fri Oct 24 11:58:14 202] - black HJKF
[Fri Oct 24 11:58:14 202] - white GKKE
[Fri Oct 24 11:58:14 202] - black HIGI
[Fri Oct 24 11:58:14 202] - white FIFH
[Fri Oct 24 11:58:14 202] - black JLIG
[Fri Oct 24 11:58:14 202] - white KMFJ
[Fri Oct 24 11:58:14 202] - black IFJE
[Fri Oct 24 11:58:14 202] - white IEID
[Fri Oct 24 11:58:14 202] - black MHJF
[Fri Oct 24 11:58:14 202] - white NIHF
[Fri Oct 24 11:58:14 202] - black MGLI
[Fri Oct 24 11:58:14 202] - white NGME
[Fri Oct 24 11:58:14 202] - black GJKD
[Fri Oct 24 11:58:14 202] - white FKLC
[Fri Oct 24 11:58:14 202] - black LEJD
[Fri Oct 24 11:58:14 202] - white JCLD
[Fri Oct 24 11:58:14 202] - black MDKC
[Fri Oct 24 11:58:14 202] - white NCLB
[Fri Oct 24 11:58:14 202] - black KBHK
[Fri Oct 24 11:58:14 202] - white ILJB
[Fri Oct 24 11:58:14 202] - black MIJM
[Fri Oct 24 11:58:14 202] - white NHJN
[Fri Oct 24 11:58:14 202] - black KLIM
[Fri Oct 24 11:58:14 202] - white INLL
[Fri Oct 24 11:58:14 202] - black HMHN
[Fri Oct 24 11:58:14 202] - white GMGO
[Fri Oct 24 11:58:14 202] - black HOGN
[Fri Oct 24 11:58:14 202] - white HPIP
[Fri Oct 24 11:58:14 202] - black FOFN
[Fri Oct 24 11:58:14 202] - white ENEP
[Fri Oct 24 11:58:14 202] - black FMFP
[Fri Oct 24 11:58:14 202] - white FQEL
[Fri Oct 24 11:58:14 202] - black EOGL
[Fri Oct 24 11:58:14 202] - white DNDO
[Fri Oct 24 11:58:14 202] - next
[Fri Oct 24 11:58:17 202] - new xxx
[Fri Oct 24 11:58:17 202] - black JJJJ
[Fri Oct 24 11:58:17 202] - white JKIJ
[Fri Oct 24 11:58:17 202] - black IKKJ
[Fri Oct 24 11:58:17 202] - white KIHL
[Fri Oct 24 11:58:17 202] - black LJJI
[Fri Oct 24 11:58:17 202] - white MJLK
[Fri Oct 24 11:58:17 202] - black JHIH
[Fri Oct 24 11:58:17 202] - white JGHG
[Fri Oct 24 11:58:17 202] - black KHHH
[Fri Oct 24 11:58:17 202] - white LHGH
[Fri Oct 24 11:58:17 202] - black IILG
[Fri Oct 24 11:58:17 202] - white KKGG
[Fri Oct 24 11:58:17 202] - black MFKG
[Fri Oct 24 11:58:17 202] - white NELF
[Fri Oct 24 11:58:17 202] - black HJKF
[Fri Oct 24 11:58:17 202] - white GKKE
[Fri Oct 24 11:58:17 202] - black HIGI
[Fri Oct 24 11:58:17 202] - white FIFH
[Fri Oct 24 11:58:17 202] - black JLIG
[Fri Oct 24 11:58:17 202] - white KMFJ
[Fri Oct 24 11:58:17 202] - black IFJE
[Fri Oct 24 11:58:17 202] - white IEID
[Fri Oct 24 11:58:17 202] - black MHJF
[Fri Oct 24 11:58:17 202] - white NIHF
[Fri Oct 24 11:58:17 202] - black MGLI
[Fri Oct 24 11:58:17 202] - white NGME
[Fri Oct 24 11:58:17 202] - black GJKD
[Fri Oct 24 11:58:17 202] - white FKLC
[Fri Oct 24 11:58:17 202] - black LEJD
[Fri Oct 24 11:58:17 202] - white JCLD
[Fri Oct 24 11:58:17 202] - black MDKC
[Fri Oct 24 11:58:17 202] - white NCLB
[Fri Oct 24 11:58:17 202] - black KBHK
[Fri Oct 24 11:58:17 202] - white ILJB
[Fri Oct 24 11:58:17 202] - black MIJM
[Fri Oct 24 11:58:17 202] - white NHJN
[Fri Oct 24 11:58:17 202] - black KLIM
[Fri Oct 24 11:58:17 202] - white INLL
[Fri Oct 24 11:58:17 202] - black HMHN
[Fri Oct 24 11:58:17 202] - white GMGO
[Fri Oct 24 11:58:17 202] - black HOGN
[Fri Oct 24 11:58:17 202] - white HPIP
[Fri Oct 24 11:58:17 202] - black FOFN
[Fri Oct 24 11:58:17 202] - white ENEP
[Fri Oct 24 11:58:17 202] - black FMFP
[Fri Oct 24 11:58:17 202] - white FQEL
[Fri Oct 24 11:58:17 202] - black EOGL
[Fri Oct 24 11:58:17 202] - white DNDO
[Fri Oct 24 11:58:17 202] - black DPGQ
[Fri Oct 24 11:58:17 202] - next
[Fri Oct 24 11:58:18 202] - new xxx
[Fri Oct 24 11:58:18 202] - black JJJJ
[Fri Oct 24 11:58:18 202] - white JKIJ
[Fri Oct 24 11:58:18 202] - black IKKJ
[Fri Oct 24 11:58:18 202] - white KIHL
[Fri Oct 24 11:58:18 202] - black LJJI
[Fri Oct 24 11:58:18 202] - white MJLK
[Fri Oct 24 11:58:18 202] - black JHIH
[Fri Oct 24 11:58:18 202] - white JGHG
[Fri Oct 24 11:58:18 202] - black KHHH
[Fri Oct 24 11:58:18 202] - white LHGH
[Fri Oct 24 11:58:18 202] - black IILG
[Fri Oct 24 11:58:18 202] - white KKGG
[Fri Oct 24 11:58:18 202] - black MFKG
[Fri Oct 24 11:58:18 202] - white NELF
[Fri Oct 24 11:58:18 202] - black HJKF
[Fri Oct 24 11:58:18 202] - white GKKE
[Fri Oct 24 11:58:18 202] - black HIGI
[Fri Oct 24 11:58:18 202] - white FIFH
[Fri Oct 24 11:58:18 202] - black JLIG
[Fri Oct 24 11:58:18 202] - white KMFJ
[Fri Oct 24 11:58:18 202] - black IFJE
[Fri Oct 24 11:58:18 202] - white IEID
[Fri Oct 24 11:58:18 202] - black MHJF
[Fri Oct 24 11:58:18 202] - white NIHF
[Fri Oct 24 11:58:18 202] - black MGLI
[Fri Oct 24 11:58:18 202] - white NGME
[Fri Oct 24 11:58:18 202] - black GJKD
[Fri Oct 24 11:58:18 202] - white FKLC
[Fri Oct 24 11:58:18 202] - black LEJD
[Fri Oct 24 11:58:18 202] - white JCLD
[Fri Oct 24 11:58:18 202] - black MDKC
[Fri Oct 24 11:58:18 202] - white NCLB
[Fri Oct 24 11:58:18 202] - black KBHK
[Fri Oct 24 11:58:18 202] - white ILJB
[Fri Oct 24 11:58:18 202] - black MIJM
[Fri Oct 24 11:58:18 202] - white NHJN
[Fri Oct 24 11:58:18 202] - black KLIM
[Fri Oct 24 11:58:18 202] - white INLL
[Fri Oct 24 11:58:18 202] - black HMHN
[Fri Oct 24 11:58:18 202] - white GMGO
[Fri Oct 24 11:58:18 202] - black HOGN
[Fri Oct 24 11:58:18 202] - white HPIP
[Fri Oct 24 11:58:18 202] - black FOFN
[Fri Oct 24 11:58:18 202] - white ENEP
[Fri Oct 24 11:58:18 202] - black FMFP
[Fri Oct 24 11:58:18 202] - white FQEL
[Fri Oct 24 11:58:18 202] - black EOGL
[Fri Oct 24 11:58:18 202] - white DNDO
[Fri Oct 24 11:58:18 202] - black DPGQ
[Fri Oct 24 11:58:18 202] - white CQHR
[Fri Oct 24 11:58:18 202] - next
[Fri Oct 24 11:58:21 202] - new xxx
[Fri Oct 24 11:58:21 202] - black JJJJ
[Fri Oct 24 11:58:21 202] - white JKIJ
[Fri Oct 24 11:58:21 202] - black IKKJ
[Fri Oct 24 11:58:21 202] - white KIHL
[Fri Oct 24 11:58:21 202] - black LJJI
[Fri Oct 24 11:58:21 202] - white MJLK
[Fri Oct 24 11:58:21 202] - black JHIH
[Fri Oct 24 11:58:21 202] - white JGHG
[Fri Oct 24 11:58:21 202] - black KHHH
[Fri Oct 24 11:58:21 202] - white LHGH
[Fri Oct 24 11:58:21 202] - black IILG
[Fri Oct 24 11:58:21 202] - white KKGG
[Fri Oct 24 11:58:21 202] - black MFKG
[Fri Oct 24 11:58:21 202] - white NELF
[Fri Oct 24 11:58:21 202] - black HJKF
[Fri Oct 24 11:58:21 202] - white GKKE
[Fri Oct 24 11:58:21 202] - black HIGI
[Fri Oct 24 11:58:21 202] - white FIFH
[Fri Oct 24 11:58:21 202] - black JLIG
[Fri Oct 24 11:58:21 202] - white KMFJ
[Fri Oct 24 11:58:21 202] - black IFJE
[Fri Oct 24 11:58:21 202] - white IEID
[Fri Oct 24 11:58:21 202] - black MHJF
[Fri Oct 24 11:58:21 202] - white NIHF
[Fri Oct 24 11:58:21 202] - black MGLI
[Fri Oct 24 11:58:21 202] - white NGME
[Fri Oct 24 11:58:21 202] - black GJKD
[Fri Oct 24 11:58:21 202] - white FKLC
[Fri Oct 24 11:58:21 202] - black LEJD
[Fri Oct 24 11:58:21 202] - white JCLD
[Fri Oct 24 11:58:21 202] - black MDKC
[Fri Oct 24 11:58:21 202] - white NCLB
[Fri Oct 24 11:58:21 202] - black KBHK
[Fri Oct 24 11:58:21 202] - white ILJB
[Fri Oct 24 11:58:21 202] - black MIJM
[Fri Oct 24 11:58:21 202] - white NHJN
[Fri Oct 24 11:58:21 202] - black KLIM
[Fri Oct 24 11:58:21 202] - white INLL
[Fri Oct 24 11:58:21 202] - black HMHN
[Fri Oct 24 11:58:21 202] - white GMGO
[Fri Oct 24 11:58:21 202] - black HOGN
[Fri Oct 24 11:58:21 202] - white HPIP
[Fri Oct 24 11:58:21 202] - black FOFN
[Fri Oct 24 11:58:21 202] - white ENEP
[Fri Oct 24 11:58:21 202] - black FMFP
[Fri Oct 24 11:58:21 202] - white FQEL
[Fri Oct 24 11:58:21 202] - black EOGL
[Fri Oct 24 11:58:21 202] - white DNDO
[Fri Oct 24 11:58:21 202] - black DPGQ
[Fri Oct 24 11:58:21 202] - white CQHR
[Fri Oct 24 11:58:21 202] - black GPEQ
[Fri Oct 24 11:58:21 202] - next
[Fri Oct 24 11:58:21 202] - new xxx
[Fri Oct 24 11:58:21 202] - black JJJJ
[Fri Oct 24 11:58:21 202] - white JKIJ
[Fri Oct 24 11:58:21 202] - black IKKJ
[Fri Oct 24 11:58:21 202] - white KIHL
[Fri Oct 24 11:58:21 202] - black LJJI
[Fri Oct 24 11:58:21 202] - white MJLK
[Fri Oct 24 11:58:21 202] - black JHIH
[Fri Oct 24 11:58:21 202] - white JGHG
[Fri Oct 24 11:58:21 202] - black KHHH
[Fri Oct 24 11:58:21 202] - white LHGH
[Fri Oct 24 11:58:21 202] - black IILG
[Fri Oct 24 11:58:21 202] - white KKGG
[Fri Oct 24 11:58:21 202] - black MFKG
[Fri Oct 24 11:58:21 202] - white NELF
[Fri Oct 24 11:58:21 202] - black HJKF
[Fri Oct 24 11:58:21 202] - white GKKE
[Fri Oct 24 11:58:21 202] - black HIGI
[Fri Oct 24 11:58:21 202] - white FIFH
[Fri Oct 24 11:58:21 202] - black JLIG
[Fri Oct 24 11:58:21 202] - white KMFJ
[Fri Oct 24 11:58:21 202] - black IFJE
[Fri Oct 24 11:58:21 202] - white IEID
[Fri Oct 24 11:58:21 202] - black MHJF
[Fri Oct 24 11:58:21 202] - white NIHF
[Fri Oct 24 11:58:21 202] - black MGLI
[Fri Oct 24 11:58:21 202] - white NGME
[Fri Oct 24 11:58:21 202] - black GJKD
[Fri Oct 24 11:58:21 202] - white FKLC
[Fri Oct 24 11:58:21 202] - black LEJD
[Fri Oct 24 11:58:21 202] - white JCLD
[Fri Oct 24 11:58:21 202] - black MDKC
[Fri Oct 24 11:58:21 202] - white NCLB
[Fri Oct 24 11:58:21 202] - black KBHK
[Fri Oct 24 11:58:21 202] - white ILJB
[Fri Oct 24 11:58:21 202] - black MIJM
[Fri Oct 24 11:58:21 202] - white NHJN
[Fri Oct 24 11:58:21 202] - black KLIM
[Fri Oct 24 11:58:21 202] - white INLL
[Fri Oct 24 11:58:21 202] - black HMHN
[Fri Oct 24 11:58:21 202] - white GMGO
[Fri Oct 24 11:58:21 202] - black HOGN
[Fri Oct 24 11:58:21 202] - white HPIP
[Fri Oct 24 11:58:21 202] - black FOFN
[Fri Oct 24 11:58:21 202] - white ENEP
[Fri Oct 24 11:58:21 202] - black FMFP
[Fri Oct 24 11:58:21 202] - white FQEL
[Fri Oct 24 11:58:21 202] - black EOGL
[Fri Oct 24 11:58:21 202] - white DNDO
[Fri Oct 24 11:58:21 202] - black DPGQ
[Fri Oct 24 11:58:21 202] - white CQHR
[Fri Oct 24 11:58:21 202] - black GPEQ
[Fri Oct 24 11:58:21 202] - white FRCO
[Fri Oct 24 11:58:21 202] - next
[Fri Oct 24 11:58:25 202] - new xxx
[Fri Oct 24 11:58:25 202] - black JJJJ
[Fri Oct 24 11:58:25 202] - white JKIJ
[Fri Oct 24 11:58:25 202] - black IKKJ
[Fri Oct 24 11:58:25 202] - white KIHL
[Fri Oct 24 11:58:25 202] - black LJJI
[Fri Oct 24 11:58:25 202] - white MJLK
[Fri Oct 24 11:58:25 202] - black JHIH
[Fri Oct 24 11:58:25 202] - white JGHG
[Fri Oct 24 11:58:25 202] - black KHHH
[Fri Oct 24 11:58:25 202] - white LHGH
[Fri Oct 24 11:58:25 202] - black IILG
[Fri Oct 24 11:58:25 202] - white KKGG
[Fri Oct 24 11:58:25 202] - black MFKG
[Fri Oct 24 11:58:25 202] - white NELF
[Fri Oct 24 11:58:25 202] - black HJKF
[Fri Oct 24 11:58:25 202] - white GKKE
[Fri Oct 24 11:58:25 202] - black HIGI
[Fri Oct 24 11:58:25 202] - white FIFH
[Fri Oct 24 11:58:25 202] - black JLIG
[Fri Oct 24 11:58:25 202] - white KMFJ
[Fri Oct 24 11:58:25 202] - black IFJE
[Fri Oct 24 11:58:25 202] - white IEID
[Fri Oct 24 11:58:25 202] - black MHJF
[Fri Oct 24 11:58:25 202] - white NIHF
[Fri Oct 24 11:58:25 202] - black MGLI
[Fri Oct 24 11:58:25 202] - white NGME
[Fri Oct 24 11:58:25 202] - black GJKD
[Fri Oct 24 11:58:25 202] - white FKLC
[Fri Oct 24 11:58:25 202] - black LEJD
[Fri Oct 24 11:58:25 202] - white JCLD
[Fri Oct 24 11:58:25 202] - black MDKC
[Fri Oct 24 11:58:25 202] - white NCLB
[Fri Oct 24 11:58:25 202] - black KBHK
[Fri Oct 24 11:58:25 202] - white ILJB
[Fri Oct 24 11:58:25 202] - black MIJM
[Fri Oct 24 11:58:25 202] - white NHJN
[Fri Oct 24 11:58:25 202] - black KLIM
[Fri Oct 24 11:58:25 202] - white INLL
[Fri Oct 24 11:58:25 202] - black HMHN
[Fri Oct 24 11:58:25 202] - white GMGO
[Fri Oct 24 11:58:25 202] - black HOGN
[Fri Oct 24 11:58:25 202] - white HPIP
[Fri Oct 24 11:58:25 202] - black FOFN
[Fri Oct 24 11:58:25 202] - white ENEP
[Fri Oct 24 11:58:25 202] - black FMFP
[Fri Oct 24 11:58:25 202] - white FQEL
[Fri Oct 24 11:58:25 202] - black EOGL
[Fri Oct 24 11:58:25 202] - white DNDO
[Fri Oct 24 11:58:25 202] - black DPGQ
[Fri Oct 24 11:58:25 202] - white CQHR
[Fri Oct 24 11:58:25 202] - black GPEQ
[Fri Oct 24 11:58:25 202] - white FRCO
[Fri Oct 24 11:58:25 202] - black DRHQ
[Fri Oct 24 11:58:25 202] - next
[Fri Oct 24 11:58:25 202] - new xxx
[Fri Oct 24 11:58:25 202] - black JJJJ
[Fri Oct 24 11:58:25 202] - white JKIJ
[Fri Oct 24 11:58:25 202] - black IKKJ
[Fri Oct 24 11:58:25 202] - white KIHL
[Fri Oct 24 11:58:25 202] - black LJJI
[Fri Oct 24 11:58:25 202] - white MJLK
[Fri Oct 24 11:58:25 202] - black JHIH
[Fri Oct 24 11:58:25 202] - white JGHG
[Fri Oct 24 11:58:25 202] - black KHHH
[Fri Oct 24 11:58:25 202] - white LHGH
[Fri Oct 24 11:58:25 202] - black IILG
[Fri Oct 24 11:58:25 202] - white KKGG
[Fri Oct 24 11:58:25 202] - black MFKG
[Fri Oct 24 11:58:25 202] - white NELF
[Fri Oct 24 11:58:25 202] - black HJKF
[Fri Oct 24 11:58:25 202] - white GKKE
[Fri Oct 24 11:58:25 202] - black HIGI
[Fri Oct 24 11:58:25 202] - white FIFH
[Fri Oct 24 11:58:25 202] - black JLIG
[Fri Oct 24 11:58:25 202] - white KMFJ
[Fri Oct 24 11:58:25 202] - black IFJE
[Fri Oct 24 11:58:25 202] - white IEID
[Fri Oct 24 11:58:25 202] - black MHJF
[Fri Oct 24 11:58:25 202] - white NIHF
[Fri Oct 24 11:58:25 202] - black MGLI
[Fri Oct 24 11:58:25 202] - white NGME
[Fri Oct 24 11:58:25 202] - black GJKD
[Fri Oct 24 11:58:25 202] - white FKLC
[Fri Oct 24 11:58:25 202] - black LEJD
[Fri Oct 24 11:58:25 202] - white JCLD
[Fri Oct 24 11:58:25 202] - black MDKC
[Fri Oct 24 11:58:25 202] - white NCLB
[Fri Oct 24 11:58:25 202] - black KBHK
[Fri Oct 24 11:58:25 202] - white ILJB
[Fri Oct 24 11:58:25 202] - black MIJM
[Fri Oct 24 11:58:25 202] - white NHJN
[Fri Oct 24 11:58:25 202] - black KLIM
[Fri Oct 24 11:58:25 202] - white INLL
[Fri Oct 24 11:58:25 202] - black HMHN
[Fri Oct 24 11:58:25 202] - white GMGO
[Fri Oct 24 11:58:25 202] - black HOGN
[Fri Oct 24 11:58:25 202] - white HPIP
[Fri Oct 24 11:58:25 202] - black FOFN
[Fri Oct 24 11:58:25 202] - white ENEP
[Fri Oct 24 11:58:25 202] - black FMFP
[Fri Oct 24 11:58:25 202] - white FQEL
[Fri Oct 24 11:58:25 202] - black EOGL
[Fri Oct 24 11:58:25 202] - white DNDO
[Fri Oct 24 11:58:25 202] - black DPGQ
[Fri Oct 24 11:58:25 202] - white CQHR
[Fri Oct 24 11:58:25 202] - black GPEQ
[Fri Oct 24 11:58:25 202] - white FRCO
[Fri Oct 24 11:58:25 202] - black DRHQ
[Fri Oct 24 11:58:25 202] - white IRDQ
[Fri Oct 24 11:58:25 202] - next
[Fri Oct 24 11:58:29 202] - new xxx
[Fri Oct 24 11:58:29 202] - black JJJJ
[Fri Oct 24 11:58:29 202] - white JKIJ
[Fri Oct 24 11:58:29 202] - black IKKJ
[Fri Oct 24 11:58:29 202] - white KIHL
[Fri Oct 24 11:58:29 202] - black LJJI
[Fri Oct 24 11:58:29 202] - white MJLK
[Fri Oct 24 11:58:29 202] - black JHIH
[Fri Oct 24 11:58:29 202] - white JGHG
[Fri Oct 24 11:58:29 202] - black KHHH
[Fri Oct 24 11:58:29 202] - white LHGH
[Fri Oct 24 11:58:29 202] - black IILG
[Fri Oct 24 11:58:29 202] - white KKGG
[Fri Oct 24 11:58:29 202] - black MFKG
[Fri Oct 24 11:58:29 202] - white NELF
[Fri Oct 24 11:58:29 202] - black HJKF
[Fri Oct 24 11:58:29 202] - white GKKE
[Fri Oct 24 11:58:29 202] - black HIGI
[Fri Oct 24 11:58:29 202] - white FIFH
[Fri Oct 24 11:58:29 202] - black JLIG
[Fri Oct 24 11:58:29 202] - white KMFJ
[Fri Oct 24 11:58:29 202] - black IFJE
[Fri Oct 24 11:58:29 202] - white IEID
[Fri Oct 24 11:58:29 202] - black MHJF
[Fri Oct 24 11:58:29 202] - white NIHF
[Fri Oct 24 11:58:29 202] - black MGLI
[Fri Oct 24 11:58:29 202] - white NGME
[Fri Oct 24 11:58:29 202] - black GJKD
[Fri Oct 24 11:58:29 202] - white FKLC
[Fri Oct 24 11:58:29 202] - black LEJD
[Fri Oct 24 11:58:29 202] - white JCLD
[Fri Oct 24 11:58:29 202] - black MDKC
[Fri Oct 24 11:58:29 202] - white NCLB
[Fri Oct 24 11:58:29 202] - black KBHK
[Fri Oct 24 11:58:29 202] - white ILJB
[Fri Oct 24 11:58:29 202] - black MIJM
[Fri Oct 24 11:58:29 202] - white NHJN
[Fri Oct 24 11:58:29 202] - black KLIM
[Fri Oct 24 11:58:29 202] - white INLL
[Fri Oct 24 11:58:29 202] - black HMHN
[Fri Oct 24 11:58:29 202] - white GMGO
[Fri Oct 24 11:58:29 202] - black HOGN
[Fri Oct 24 11:58:29 202] - white HPIP
[Fri Oct 24 11:58:29 202] - black FOFN
[Fri Oct 24 11:58:29 202] - white ENEP
[Fri Oct 24 11:58:29 202] - black FMFP
[Fri Oct 24 11:58:29 202] - white FQEL
[Fri Oct 24 11:58:29 202] - black EOGL
[Fri Oct 24 11:58:29 202] - white DNDO
[Fri Oct 24 11:58:29 202] - black DPGQ
[Fri Oct 24 11:58:29 202] - white CQHR
[Fri Oct 24 11:58:29 202] - black GPEQ
[Fri Oct 24 11:58:29 202] - white FRCO
[Fri Oct 24 11:58:29 202] - black DRHQ
[Fri Oct 24 11:58:29 202] - white IRDQ
[Fri Oct 24 11:58:29 202] - black GRIQ
[Fri Oct 24 11:58:29 202] - next
[Fri Oct 24 11:58:30 202] - new xxx
[Fri Oct 24 11:58:30 202] - black JJJJ
[Fri Oct 24 11:58:30 202] - white JKIJ
[Fri Oct 24 11:58:30 202] - black IKKJ
[Fri Oct 24 11:58:30 202] - white KIHL
[Fri Oct 24 11:58:30 202] - black LJJI
[Fri Oct 24 11:58:30 202] - white MJLK
[Fri Oct 24 11:58:30 202] - black JHIH
[Fri Oct 24 11:58:30 202] - white JGHG
[Fri Oct 24 11:58:30 202] - black KHHH
[Fri Oct 24 11:58:30 202] - white LHGH
[Fri Oct 24 11:58:30 202] - black IILG
[Fri Oct 24 11:58:30 202] - white KKGG
[Fri Oct 24 11:58:30 202] - black MFKG
[Fri Oct 24 11:58:30 202] - white NELF
[Fri Oct 24 11:58:30 202] - black HJKF
[Fri Oct 24 11:58:30 202] - white GKKE
[Fri Oct 24 11:58:30 202] - black HIGI
[Fri Oct 24 11:58:30 202] - white FIFH
[Fri Oct 24 11:58:30 202] - black JLIG
[Fri Oct 24 11:58:30 202] - white KMFJ
[Fri Oct 24 11:58:30 202] - black IFJE
[Fri Oct 24 11:58:30 202] - white IEID
[Fri Oct 24 11:58:30 202] - black MHJF
[Fri Oct 24 11:58:30 202] - white NIHF
[Fri Oct 24 11:58:30 202] - black MGLI
[Fri Oct 24 11:58:30 202] - white NGME
[Fri Oct 24 11:58:30 202] - black GJKD
[Fri Oct 24 11:58:30 202] - white FKLC
[Fri Oct 24 11:58:30 202] - black LEJD
[Fri Oct 24 11:58:30 202] - white JCLD
[Fri Oct 24 11:58:30 202] - black MDKC
[Fri Oct 24 11:58:30 202] - white NCLB
[Fri Oct 24 11:58:30 202] - black KBHK
[Fri Oct 24 11:58:30 202] - white ILJB
[Fri Oct 24 11:58:30 202] - black MIJM
[Fri Oct 24 11:58:30 202] - white NHJN
[Fri Oct 24 11:58:30 202] - black KLIM
[Fri Oct 24 11:58:30 202] - white INLL
[Fri Oct 24 11:58:30 202] - black HMHN
[Fri Oct 24 11:58:30 202] - white GMGO
[Fri Oct 24 11:58:30 202] - black HOGN
[Fri Oct 24 11:58:30 202] - white HPIP
[Fri Oct 24 11:58:30 202] - black FOFN
[Fri Oct 24 11:58:30 202] - white ENEP
[Fri Oct 24 11:58:30 202] - black FMFP
[Fri Oct 24 11:58:30 202] - white FQEL
[Fri Oct 24 11:58:30 202] - black EOGL
[Fri Oct 24 11:58:30 202] - white DNDO
[Fri Oct 24 11:58:30 202] - black DPGQ
[Fri Oct 24 11:58:30 202] - white CQHR
[Fri Oct 24 11:58:30 202] - black GPEQ
[Fri Oct 24 11:58:30 202] - white FRCO
[Fri Oct 24 11:58:30 202] - black DRHQ
[Fri Oct 24 11:58:30 202] - white IRDQ
[Fri Oct 24 11:58:30 202] - black GRIQ
[Fri Oct 24 11:58:30 202] - white JQER
[Fri Oct 24 11:58:30 202] - next
[Fri Oct 24 11:58:33 202] - new xxx
[Fri Oct 24 11:58:33 202] - black JJJJ
[Fri Oct 24 11:58:33 202] - white JKIJ
[Fri Oct 24 11:58:33 202] - black IKKJ
[Fri Oct 24 11:58:33 202] - white KIHL
[Fri Oct 24 11:58:33 202] - black LJJI
[Fri Oct 24 11:58:33 202] - white MJLK
[Fri Oct 24 11:58:33 202] - black JHIH
[Fri Oct 24 11:58:33 202] - white JGHG
[Fri Oct 24 11:58:33 202] - black KHHH
[Fri Oct 24 11:58:33 202] - white LHGH
[Fri Oct 24 11:58:33 202] - black IILG
[Fri Oct 24 11:58:33 202] - white KKGG
[Fri Oct 24 11:58:33 202] - black MFKG
[Fri Oct 24 11:58:33 202] - white NELF
[Fri Oct 24 11:58:33 202] - black HJKF
[Fri Oct 24 11:58:33 202] - white GKKE
[Fri Oct 24 11:58:33 202] - black HIGI
[Fri Oct 24 11:58:33 202] - white FIFH
[Fri Oct 24 11:58:33 202] - black JLIG
[Fri Oct 24 11:58:33 202] - white KMFJ
[Fri Oct 24 11:58:33 202] - black IFJE
[Fri Oct 24 11:58:33 202] - white IEID
[Fri Oct 24 11:58:33 202] - black MHJF
[Fri Oct 24 11:58:33 202] - white NIHF
[Fri Oct 24 11:58:33 202] - black MGLI
[Fri Oct 24 11:58:33 202] - white NGME
[Fri Oct 24 11:58:33 202] - black GJKD
[Fri Oct 24 11:58:33 202] - white FKLC
[Fri Oct 24 11:58:33 202] - black LEJD
[Fri Oct 24 11:58:33 202] - white JCLD
[Fri Oct 24 11:58:33 202] - black MDKC
[Fri Oct 24 11:58:33 202] - white NCLB
[Fri Oct 24 11:58:33 202] - black KBHK
[Fri Oct 24 11:58:33 202] - white ILJB
[Fri Oct 24 11:58:33 202] - black MIJM
[Fri Oct 24 11:58:33 202] - white NHJN
[Fri Oct 24 11:58:33 202] - black KLIM
[Fri Oct 24 11:58:33 202] - white INLL
[Fri Oct 24 11:58:33 202] - black HMHN
[Fri Oct 24 11:58:33 202] - white GMGO
[Fri Oct 24 11:58:33 202] - black HOGN
[Fri Oct 24 11:58:33 202] - white HPIP
[Fri Oct 24 11:58:33 202] - black FOFN
[Fri Oct 24 11:58:33 202] - white ENEP
[Fri Oct 24 11:58:33 202] - black FMFP
[Fri Oct 24 11:58:33 202] - white FQEL
[Fri Oct 24 11:58:33 202] - black EOGL
[Fri Oct 24 11:58:33 202] - white DNDO
[Fri Oct 24 11:58:33 202] - black DPGQ
[Fri Oct 24 11:58:33 202] - white CQHR
[Fri Oct 24 11:58:33 202] - black GPEQ
[Fri Oct 24 11:58:33 202] - white FRCO
[Fri Oct 24 11:58:33 202] - black DRHQ
[Fri Oct 24 11:58:33 202] - white IRDQ
[Fri Oct 24 11:58:33 202] - black GRIQ
[Fri Oct 24 11:58:33 202] - white JQER
[Fri Oct 24 11:58:33 202] - black IOJR
[Fri Oct 24 11:58:33 202] - next
[Fri Oct 24 11:58:35 202] - new xxx
[Fri Oct 24 11:58:35 202] - black JJJJ
[Fri Oct 24 11:58:35 202] - white JKIJ
[Fri Oct 24 11:58:35 202] - black IKKJ
[Fri Oct 24 11:58:35 202] - white KIHL
[Fri Oct 24 11:58:35 202] - black LJJI
[Fri Oct 24 11:58:35 202] - white MJLK
[Fri Oct 24 11:58:35 202] - black JHIH
[Fri Oct 24 11:58:35 202] - white JGHG
[Fri Oct 24 11:58:35 202] - black KHHH
[Fri Oct 24 11:58:35 202] - white LHGH
[Fri Oct 24 11:58:35 202] - black IILG
[Fri Oct 24 11:58:35 202] - white KKGG
[Fri Oct 24 11:58:35 202] - black MFKG
[Fri Oct 24 11:58:35 202] - white NELF
[Fri Oct 24 11:58:35 202] - black HJKF
[Fri Oct 24 11:58:35 202] - white GKKE
[Fri Oct 24 11:58:35 202] - black HIGI
[Fri Oct 24 11:58:35 202] - white FIFH
[Fri Oct 24 11:58:35 202] - black JLIG
[Fri Oct 24 11:58:35 202] - white KMFJ
[Fri Oct 24 11:58:35 202] - black IFJE
[Fri Oct 24 11:58:35 202] - white IEID
[Fri Oct 24 11:58:35 202] - black MHJF
[Fri Oct 24 11:58:35 202] - white NIHF
[Fri Oct 24 11:58:35 202] - black MGLI
[Fri Oct 24 11:58:35 202] - white NGME
[Fri Oct 24 11:58:35 202] - black GJKD
[Fri Oct 24 11:58:35 202] - white FKLC
[Fri Oct 24 11:58:35 202] - black LEJD
[Fri Oct 24 11:58:35 202] - white JCLD
[Fri Oct 24 11:58:35 202] - black MDKC
[Fri Oct 24 11:58:35 202] - white NCLB
[Fri Oct 24 11:58:35 202] - black KBHK
[Fri Oct 24 11:58:35 202] - white ILJB
[Fri Oct 24 11:58:35 202] - black MIJM
[Fri Oct 24 11:58:35 202] - white NHJN
[Fri Oct 24 11:58:35 202] - black KLIM
[Fri Oct 24 11:58:35 202] - white INLL
[Fri Oct 24 11:58:35 202] - black HMHN
[Fri Oct 24 11:58:35 202] - white GMGO
[Fri Oct 24 11:58:35 202] - black HOGN
[Fri Oct 24 11:58:35 202] - white HPIP
[Fri Oct 24 11:58:35 202] - black FOFN
[Fri Oct 24 11:58:35 202] - white ENEP
[Fri Oct 24 11:58:35 202] - black FMFP
[Fri Oct 24 11:58:35 202] - white FQEL
[Fri Oct 24 11:58:35 202] - black EOGL
[Fri Oct 24 11:58:35 202] - white DNDO
[Fri Oct 24 11:58:35 202] - black DPGQ
[Fri Oct 24 11:58:35 202] - white CQHR
[Fri Oct 24 11:58:35 202] - black GPEQ
[Fri Oct 24 11:58:35 202] - white FRCO
[Fri Oct 24 11:58:35 202] - black DRHQ
[Fri Oct 24 11:58:35 202] - white IRDQ
[Fri Oct 24 11:58:35 202] - black GRIQ
[Fri Oct 24 11:58:35 202] - white JQER
[Fri Oct 24 11:58:35 202] - black IOJR
[Fri Oct 24 11:58:35 202] - white JPJO
[Fri Oct 24 11:58:35 202] - next
[Fri Oct 24 11:58:38 202] - new xxx
[Fri Oct 24 11:58:38 202] - black JJJJ
[Fri Oct 24 11:58:38 202] - white JKIJ
[Fri Oct 24 11:58:38 202] - black IKKJ
[Fri Oct 24 11:58:38 202] - white KIHL
[Fri Oct 24 11:58:38 202] - black LJJI
[Fri Oct 24 11:58:38 202] - white MJLK
[Fri Oct 24 11:58:38 202] - black JHIH
[Fri Oct 24 11:58:38 202] - white JGHG
[Fri Oct 24 11:58:38 202] - black KHHH
[Fri Oct 24 11:58:38 202] - white LHGH
[Fri Oct 24 11:58:38 202] - black IILG
[Fri Oct 24 11:58:38 202] - white KKGG
[Fri Oct 24 11:58:38 202] - black MFKG
[Fri Oct 24 11:58:38 202] - white NELF
[Fri Oct 24 11:58:38 202] - black HJKF
[Fri Oct 24 11:58:38 202] - white GKKE
[Fri Oct 24 11:58:38 202] - black HIGI
[Fri Oct 24 11:58:38 202] - white FIFH
[Fri Oct 24 11:58:38 202] - black JLIG
[Fri Oct 24 11:58:38 202] - white KMFJ
[Fri Oct 24 11:58:38 202] - black IFJE
[Fri Oct 24 11:58:38 202] - white IEID
[Fri Oct 24 11:58:38 202] - black MHJF
[Fri Oct 24 11:58:38 202] - white NIHF
[Fri Oct 24 11:58:38 202] - black MGLI
[Fri Oct 24 11:58:38 202] - white NGME
[Fri Oct 24 11:58:38 202] - black GJKD
[Fri Oct 24 11:58:38 202] - white FKLC
[Fri Oct 24 11:58:38 202] - black LEJD
[Fri Oct 24 11:58:38 202] - white JCLD
[Fri Oct 24 11:58:38 202] - black MDKC
[Fri Oct 24 11:58:38 202] - white NCLB
[Fri Oct 24 11:58:38 202] - black KBHK
[Fri Oct 24 11:58:38 202] - white ILJB
[Fri Oct 24 11:58:38 202] - black MIJM
[Fri Oct 24 11:58:38 202] - white NHJN
[Fri Oct 24 11:58:38 202] - black KLIM
[Fri Oct 24 11:58:38 202] - white INLL
[Fri Oct 24 11:58:38 202] - black HMHN
[Fri Oct 24 11:58:38 202] - white GMGO
[Fri Oct 24 11:58:38 202] - black HOGN
[Fri Oct 24 11:58:38 202] - white HPIP
[Fri Oct 24 11:58:38 202] - black FOFN
[Fri Oct 24 11:58:38 202] - white ENEP
[Fri Oct 24 11:58:38 202] - black FMFP
[Fri Oct 24 11:58:38 202] - white FQEL
[Fri Oct 24 11:58:38 202] - black EOGL
[Fri Oct 24 11:58:38 202] - white DNDO
[Fri Oct 24 11:58:38 202] - black DPGQ
[Fri Oct 24 11:58:38 202] - white CQHR
[Fri Oct 24 11:58:38 202] - black GPEQ
[Fri Oct 24 11:58:38 202] - white FRCO
[Fri Oct 24 11:58:38 202] - black DRHQ
[Fri Oct 24 11:58:38 202] - white IRDQ
[Fri Oct 24 11:58:38 202] - black GRIQ
[Fri Oct 24 11:58:38 202] - white JQER
[Fri Oct 24 11:58:38 202] - black IOJR
[Fri Oct 24 11:58:38 202] - white JPJO
[Fri Oct 24 11:58:38 202] - black KNKQ
[Fri Oct 24 11:58:38 202] - next
[Fri Oct 24 11:58:40 202] - new xxx
[Fri Oct 24 11:58:40 202] - black JJJJ
[Fri Oct 24 11:58:40 202] - white JKIJ
[Fri Oct 24 11:58:40 202] - black IKKJ
[Fri Oct 24 11:58:40 202] - white KIHL
[Fri Oct 24 11:58:40 202] - black LJJI
[Fri Oct 24 11:58:40 202] - white MJLK
[Fri Oct 24 11:58:40 202] - black JHIH
[Fri Oct 24 11:58:40 202] - white JGHG
[Fri Oct 24 11:58:40 202] - black KHHH
[Fri Oct 24 11:58:40 202] - white LHGH
[Fri Oct 24 11:58:40 202] - black IILG
[Fri Oct 24 11:58:40 202] - white KKGG
[Fri Oct 24 11:58:40 202] - black MFKG
[Fri Oct 24 11:58:40 202] - white NELF
[Fri Oct 24 11:58:40 202] - black HJKF
[Fri Oct 24 11:58:40 202] - white GKKE
[Fri Oct 24 11:58:40 202] - black HIGI
[Fri Oct 24 11:58:40 202] - white FIFH
[Fri Oct 24 11:58:40 202] - black JLIG
[Fri Oct 24 11:58:40 202] - white KMFJ
[Fri Oct 24 11:58:40 202] - black IFJE
[Fri Oct 24 11:58:40 202] - white IEID
[Fri Oct 24 11:58:40 202] - black MHJF
[Fri Oct 24 11:58:40 202] - white NIHF
[Fri Oct 24 11:58:40 202] - black MGLI
[Fri Oct 24 11:58:40 202] - white NGME
[Fri Oct 24 11:58:40 202] - black GJKD
[Fri Oct 24 11:58:40 202] - white FKLC
[Fri Oct 24 11:58:40 202] - black LEJD
[Fri Oct 24 11:58:40 202] - white JCLD
[Fri Oct 24 11:58:40 202] - black MDKC
[Fri Oct 24 11:58:40 202] - white NCLB
[Fri Oct 24 11:58:40 202] - black KBHK
[Fri Oct 24 11:58:40 202] - white ILJB
[Fri Oct 24 11:58:40 202] - black MIJM
[Fri Oct 24 11:58:40 202] - white NHJN
[Fri Oct 24 11:58:40 202] - black KLIM
[Fri Oct 24 11:58:40 202] - white INLL
[Fri Oct 24 11:58:40 202] - black HMHN
[Fri Oct 24 11:58:40 202] - white GMGO
[Fri Oct 24 11:58:40 202] - black HOGN
[Fri Oct 24 11:58:40 202] - white HPIP
[Fri Oct 24 11:58:40 202] - black FOFN
[Fri Oct 24 11:58:40 202] - white ENEP
[Fri Oct 24 11:58:40 202] - black FMFP
[Fri Oct 24 11:58:40 202] - white FQEL
[Fri Oct 24 11:58:40 202] - black EOGL
[Fri Oct 24 11:58:40 202] - white DNDO
[Fri Oct 24 11:58:40 202] - black DPGQ
[Fri Oct 24 11:58:40 202] - white CQHR
[Fri Oct 24 11:58:40 202] - black GPEQ
[Fri Oct 24 11:58:40 202] - white FRCO
[Fri Oct 24 11:58:40 202] - black DRHQ
[Fri Oct 24 11:58:40 202] - white IRDQ
[Fri Oct 24 11:58:40 202] - black GRIQ
[Fri Oct 24 11:58:40 202] - white JQER
[Fri Oct 24 11:58:40 202] - black IOJR
[Fri Oct 24 11:58:40 202] - white JPJO
[Fri Oct 24 11:58:40 202] - black KNKQ
[Fri Oct 24 11:58:40 202] - white LPIS
[Fri Oct 24 11:58:40 202] - next
[Fri Oct 24 11:58:43 202] - new xxx
[Fri Oct 24 11:58:43 202] - black JJJJ
[Fri Oct 24 11:58:43 202] - white JKIJ
[Fri Oct 24 11:58:43 202] - black IKKJ
[Fri Oct 24 11:58:43 202] - white KIHL
[Fri Oct 24 11:58:43 202] - black LJJI
[Fri Oct 24 11:58:43 202] - white MJLK
[Fri Oct 24 11:58:43 202] - black JHIH
[Fri Oct 24 11:58:43 202] - white JGHG
[Fri Oct 24 11:58:43 202] - black KHHH
[Fri Oct 24 11:58:43 202] - white LHGH
[Fri Oct 24 11:58:43 202] - black IILG
[Fri Oct 24 11:58:43 202] - white KKGG
[Fri Oct 24 11:58:43 202] - black MFKG
[Fri Oct 24 11:58:43 202] - white NELF
[Fri Oct 24 11:58:43 202] - black HJKF
[Fri Oct 24 11:58:43 202] - white GKKE
[Fri Oct 24 11:58:43 202] - black HIGI
[Fri Oct 24 11:58:43 202] - white FIFH
[Fri Oct 24 11:58:43 202] - black JLIG
[Fri Oct 24 11:58:43 202] - white KMFJ
[Fri Oct 24 11:58:43 202] - black IFJE
[Fri Oct 24 11:58:43 202] - white IEID
[Fri Oct 24 11:58:43 202] - black MHJF
[Fri Oct 24 11:58:43 202] - white NIHF
[Fri Oct 24 11:58:43 202] - black MGLI
[Fri Oct 24 11:58:43 202] - white NGME
[Fri Oct 24 11:58:43 202] - black GJKD
[Fri Oct 24 11:58:43 202] - white FKLC
[Fri Oct 24 11:58:43 202] - black LEJD
[Fri Oct 24 11:58:43 202] - white JCLD
[Fri Oct 24 11:58:43 202] - black MDKC
[Fri Oct 24 11:58:43 202] - white NCLB
[Fri Oct 24 11:58:43 202] - black KBHK
[Fri Oct 24 11:58:43 202] - white ILJB
[Fri Oct 24 11:58:43 202] - black MIJM
[Fri Oct 24 11:58:43 202] - white NHJN
[Fri Oct 24 11:58:43 202] - black KLIM
[Fri Oct 24 11:58:43 202] - white INLL
[Fri Oct 24 11:58:43 202] - black HMHN
[Fri Oct 24 11:58:43 202] - white GMGO
[Fri Oct 24 11:58:43 202] - black HOGN
[Fri Oct 24 11:58:43 202] - white HPIP
[Fri Oct 24 11:58:43 202] - black FOFN
[Fri Oct 24 11:58:43 202] - white ENEP
[Fri Oct 24 11:58:43 202] - black FMFP
[Fri Oct 24 11:58:43 202] - white FQEL
[Fri Oct 24 11:58:43 202] - black EOGL
[Fri Oct 24 11:58:43 202] - white DNDO
[Fri Oct 24 11:58:43 202] - black DPGQ
[Fri Oct 24 11:58:43 202] - white CQHR
[Fri Oct 24 11:58:43 202] - black GPEQ
[Fri Oct 24 11:58:43 202] - white FRCO
[Fri Oct 24 11:58:43 202] - black DRHQ
[Fri Oct 24 11:58:43 202] - white IRDQ
[Fri Oct 24 11:58:43 202] - black GRIQ
[Fri Oct 24 11:58:43 202] - white JQER
[Fri Oct 24 11:58:43 202] - black IOJR
[Fri Oct 24 11:58:43 202] - white JPJO
[Fri Oct 24 11:58:43 202] - black KNKQ
[Fri Oct 24 11:58:43 202] - white LPIS
[Fri Oct 24 11:58:43 202] - black LOKR
[Fri Oct 24 11:58:43 202] - next
[Fri Oct 24 11:58:53 202] - name
[Fri Oct 24 11:58:53 202] - depth 5
[Fri Oct 24 11:58:53 202] - vcf
[Fri Oct 24 11:58:54 202] - new xxx
[Fri Oct 24 11:58:54 202] - black JJJJ
[Fri Oct 24 11:58:54 202] - next
[Fri Oct 24 11:58:57 202] - new xxx
[Fri Oct 24 11:58:57 202] - black JJJJ
[Fri Oct 24 11:58:57 202] - white JKIJ
[Fri Oct 24 11:58:57 202] - black IKKI
[Fri Oct 24 11:58:57 202] - next
[Fri Oct 24 11:59:01 202] - new xxx
[Fri Oct 24 11:59:01 202] - black JJJJ
[Fri Oct 24 11:59:01 202] - white JKIJ
[Fri Oct 24 11:59:01 202] - black IKKI
[Fri Oct 24 11:59:01 202] - white LHHL
[Fri Oct 24 11:59:01 202] - black LMKM
[Fri Oct 24 11:59:01 202] - next
[Fri Oct 24 11:59:04 202] - new xxx
[Fri Oct 24 11:59:04 202] - black JJJJ
[Fri Oct 24 11:59:04 202] - white JKIJ
[Fri Oct 24 11:59:04 202] - black IKKI
[Fri Oct 24 11:59:04 202] - white LHHL
[Fri Oct 24 11:59:04 202] - black LMKM
[Fri Oct 24 11:59:04 202] - white JLJM
[Fri Oct 24 11:59:04 202] - black LLJN
[Fri Oct 24 11:59:04 202] - next
[Fri Oct 24 11:59:05 202] - new xxx
[Fri Oct 24 11:59:05 202] - black JJJJ
[Fri Oct 24 11:59:05 202] - white JKIJ
[Fri Oct 24 11:59:05 202] - black IKKI
[Fri Oct 24 11:59:05 202] - white LHHL
[Fri Oct 24 11:59:05 202] - black LMKM
[Fri Oct 24 11:59:05 202] - white JLJM
[Fri Oct 24 11:59:05 202] - black LLJN
[Fri Oct 24 11:59:05 202] - white MKIO
[Fri Oct 24 11:59:05 202] - black MMKK
[Fri Oct 24 11:59:05 202] - next
[Fri Oct 24 11:59:06 202] - new xxx
[Fri Oct 24 11:59:06 202] - black JJJJ
[Fri Oct 24 11:59:06 202] - white JKIJ
[Fri Oct 24 11:59:06 202] - black IKKI
[Fri Oct 24 11:59:06 202] - white LHHL
[Fri Oct 24 11:59:06 202] - black LMKM
[Fri Oct 24 11:59:06 202] - white JLJM
[Fri Oct 24 11:59:06 202] - black LLJN
[Fri Oct 24 11:59:06 202] - white MKIO
[Fri Oct 24 11:59:06 202] - black MMKK
[Fri Oct 24 11:59:06 202] - white IINN
[Fri Oct 24 11:59:06 202] - black NMKN
[Fri Oct 24 11:59:06 202] - next
[Fri Oct 24 11:59:06 202] - new xxx
[Fri Oct 24 11:59:06 202] - black JJJJ
[Fri Oct 24 11:59:06 202] - white JKIJ
[Fri Oct 24 11:59:06 202] - black IKKI
[Fri Oct 24 11:59:06 202] - white LHHL
[Fri Oct 24 11:59:06 202] - black LMKM
[Fri Oct 24 11:59:06 202] - white JLJM
[Fri Oct 24 11:59:06 202] - black LLJN
[Fri Oct 24 11:59:06 202] - white MKIO
[Fri Oct 24 11:59:06 202] - black MMKK
[Fri Oct 24 11:59:06 202] - white IINN
[Fri Oct 24 11:59:06 202] - black NMKN
[Fri Oct 24 11:59:06 202] - white OMKL
[Fri Oct 24 11:59:06 202] - black LKLN
[Fri Oct 24 11:59:06 202] - next
[Fri Oct 24 12:05:22 202] - name
[Fri Oct 24 12:05:22 202] - depth 4
[Fri Oct 24 12:05:22 202] - vcf
[Fri Oct 24 12:05:25 202] - name
[Fri Oct 24 12:05:25 202] - depth 5
[Fri Oct 24 12:05:25 202] - vcf
[Fri Oct 24 12:05:25 202] - new xxx
[Fri Oct 24 12:05:25 202] - next
[Fri Oct 24 12:05:26 202] - new xxx
[Fri Oct 24 12:05:26 202] - black JJJJ
[Fri Oct 24 12:05:26 202] - white IJJI
[Fri Oct 24 12:05:26 202] - next
[Fri Oct 24 12:05:30 202] - new xxx
[Fri Oct 24 12:05:30 202] - black JJJJ
[Fri Oct 24 12:05:30 202] - white IJJI
[Fri Oct 24 12:05:30 202] - black IIJK
[Fri Oct 24 12:05:30 202] - white KHHK
[Fri Oct 24 12:05:30 202] - next
[Fri Oct 24 12:05:33 202] - new xxx
[Fri Oct 24 12:05:33 202] - black JJJJ
[Fri Oct 24 12:05:33 202] - white IJJI
[Fri Oct 24 12:05:33 202] - black IIJK
[Fri Oct 24 12:05:33 202] - white KHHK
[Fri Oct 24 12:05:33 202] - black KKHH
[Fri Oct 24 12:05:33 202] - white HLGL
[Fri Oct 24 12:05:33 202] - next
[Fri Oct 24 12:05:36 202] - new xxx
[Fri Oct 24 12:05:36 202] - black JJJJ
[Fri Oct 24 12:05:36 202] - white IJJI
[Fri Oct 24 12:05:36 202] - black IIJK
[Fri Oct 24 12:05:36 202] - white KHHK
[Fri Oct 24 12:05:36 202] - black KKHH
[Fri Oct 24 12:05:36 202] - white HLGL
[Fri Oct 24 12:05:36 202] - black FMLG
[Fri Oct 24 12:05:36 202] - white KILJ
[Fri Oct 24 12:05:36 202] - next
[Fri Oct 24 12:05:38 202] - name
[Fri Oct 24 12:05:38 202] - depth 5
[Fri Oct 24 12:05:38 202] - vcf
[Fri Oct 24 12:05:38 202] - new xxx
[Fri Oct 24 12:05:38 202] - next
[Fri Oct 24 12:05:39 202] - new xxx
[Fri Oct 24 12:05:39 202] - black JJJJ
[Fri Oct 24 12:05:39 202] - white IJHJ
[Fri Oct 24 12:05:39 202] - next
[Fri Oct 24 12:05:41 202] - new xxx
[Fri Oct 24 12:05:41 202] - black JJJJ
[Fri Oct 24 12:05:41 202] - white IJHJ
[Fri Oct 24 12:05:41 202] - black IIIK
[Fri Oct 24 12:05:41 202] - white GJFJ
[Fri Oct 24 12:05:41 202] - next
[Fri Oct 24 12:05:43 202] - new xxx
[Fri Oct 24 12:05:43 202] - black JJJJ
[Fri Oct 24 12:05:43 202] - white IJHJ
[Fri Oct 24 12:05:43 202] - black IIIK
[Fri Oct 24 12:05:43 202] - white GJFJ
[Fri Oct 24 12:05:43 202] - black HHHL
[Fri Oct 24 12:05:43 202] - white KJLJ
[Fri Oct 24 12:05:43 202] - next
[Fri Oct 24 12:06:38 202] - name
[Fri Oct 24 12:06:38 202] - depth 4
[Fri Oct 24 12:06:38 202] - vcf
[Fri Oct 24 12:06:41 202] - name
[Fri Oct 24 12:06:41 202] - depth 5
[Fri Oct 24 12:06:41 202] - vcf
[Fri Oct 24 12:06:42 202] - new xxx
[Fri Oct 24 12:06:42 202] - black KJKJ
[Fri Oct 24 12:06:42 202] - next
[Fri Oct 24 12:06:44 202] - new xxx
[Fri Oct 24 12:06:44 202] - black KJKJ
[Fri Oct 24 12:06:44 202] - white JJLJ
[Fri Oct 24 12:06:44 202] - black IJIK
[Fri Oct 24 12:06:44 202] - next
[Fri Oct 24 12:06:45 202] - new xxx
[Fri Oct 24 12:06:45 202] - black KJKJ
[Fri Oct 24 12:06:45 202] - white JJLJ
[Fri Oct 24 12:06:45 202] - black IJIK
[Fri Oct 24 12:06:45 202] - white IIIL
[Fri Oct 24 12:06:45 202] - black HKGM
[Fri Oct 24 12:06:45 202] - next
[Fri Oct 24 12:06:47 202] - new xxx
[Fri Oct 24 12:06:47 202] - black KJKJ
[Fri Oct 24 12:06:47 202] - white JJLJ
[Fri Oct 24 12:06:47 202] - black IJIK
[Fri Oct 24 12:06:47 202] - white IIIL
[Fri Oct 24 12:06:47 202] - black HKGM
[Fri Oct 24 12:06:47 202] - white JKGL
[Fri Oct 24 12:06:47 202] - black JLIM
[Fri Oct 24 12:06:47 202] - next
[Fri Oct 24 12:06:48 202] - new xxx
[Fri Oct 24 12:06:48 202] - black KJKJ
[Fri Oct 24 12:06:48 202] - white JJLJ
[Fri Oct 24 12:06:48 202] - black IJIK
[Fri Oct 24 12:06:48 202] - white IIIL
[Fri Oct 24 12:06:48 202] - black HKGM
[Fri Oct 24 12:06:48 202] - white JKGL
[Fri Oct 24 12:06:48 202] - black JLIM
[Fri Oct 24 12:06:48 202] - white HJHM
[Fri Oct 24 12:06:48 202] - black JMKM
[Fri Oct 24 12:06:48 202] - next
[Fri Oct 24 12:06:51 202] - new xxx
[Fri Oct 24 12:06:51 202] - black KJKJ
[Fri Oct 24 12:06:51 202] - white JJLJ
[Fri Oct 24 12:06:51 202] - black IJIK
[Fri Oct 24 12:06:51 202] - white IIIL
[Fri Oct 24 12:06:51 202] - black HKGM
[Fri Oct 24 12:06:51 202] - white JKGL
[Fri Oct 24 12:06:51 202] - black JLIM
[Fri Oct 24 12:06:51 202] - white HJHM
[Fri Oct 24 12:06:51 202] - black JMKM
[Fri Oct 24 12:06:51 202] - white LMLN
[Fri Oct 24 12:06:51 202] - black LLMK
[Fri Oct 24 12:06:51 202] - next
[Fri Oct 24 12:06:54 202] - new xxx
[Fri Oct 24 12:06:54 202] - black KJKJ
[Fri Oct 24 12:06:54 202] - white JJLJ
[Fri Oct 24 12:06:54 202] - black IJIK
[Fri Oct 24 12:06:54 202] - white IIIL
[Fri Oct 24 12:06:54 202] - black HKGM
[Fri Oct 24 12:06:54 202] - white JKGL
[Fri Oct 24 12:06:54 202] - black JLIM
[Fri Oct 24 12:06:54 202] - white HJHM
[Fri Oct 24 12:06:54 202] - black JMKM
[Fri Oct 24 12:06:54 202] - white LMLN
[Fri Oct 24 12:06:54 202] - black LLMK
[Fri Oct 24 12:06:54 202] - white JNNJ
[Fri Oct 24 12:06:54 202] - black KHKI
[Fri Oct 24 12:06:54 202] - next
[Fri Oct 24 12:06:55 202] - new xxx
[Fri Oct 24 12:06:55 202] - black KJKJ
[Fri Oct 24 12:06:55 202] - white JJLJ
[Fri Oct 24 12:06:55 202] - black IJIK
[Fri Oct 24 12:06:55 202] - white IIIL
[Fri Oct 24 12:06:55 202] - black HKGM
[Fri Oct 24 12:06:55 202] - white JKGL
[Fri Oct 24 12:06:55 202] - black JLIM
[Fri Oct 24 12:06:55 202] - white HJHM
[Fri Oct 24 12:06:55 202] - black JMKM
[Fri Oct 24 12:06:55 202] - white LMLN
[Fri Oct 24 12:06:55 202] - black LLMK
[Fri Oct 24 12:06:55 202] - white JNNJ
[Fri Oct 24 12:06:55 202] - black KHKI
[Fri Oct 24 12:06:55 202] - white KKKG
[Fri Oct 24 12:06:55 202] - black KLML
[Fri Oct 24 12:06:55 202] - next
[Fri Oct 24 12:06:57 202] - new xxx
[Fri Oct 24 12:06:57 202] - black KJKJ
[Fri Oct 24 12:06:57 202] - white JJLJ
[Fri Oct 24 12:06:57 202] - black IJIK
[Fri Oct 24 12:06:57 202] - white IIIL
[Fri Oct 24 12:06:57 202] - black HKGM
[Fri Oct 24 12:06:57 202] - white JKGL
[Fri Oct 24 12:06:57 202] - black JLIM
[Fri Oct 24 12:06:57 202] - white HJHM
[Fri Oct 24 12:06:57 202] - black JMKM
[Fri Oct 24 12:06:57 202] - white LMLN
[Fri Oct 24 12:06:57 202] - black LLMK
[Fri Oct 24 12:06:57 202] - white JNNJ
[Fri Oct 24 12:06:57 202] - black KHKI
[Fri Oct 24 12:06:57 202] - white KKKG
[Fri Oct 24 12:06:57 202] - black KLML
[Fri Oct 24 12:06:57 202] - white NLJI
[Fri Oct 24 12:06:57 202] - black LKNK
[Fri Oct 24 12:06:57 202] - next
[Fri Oct 24 12:07:00 202] - new xxx
[Fri Oct 24 12:07:00 202] - black KJKJ
[Fri Oct 24 12:07:00 202] - white JJLJ
[Fri Oct 24 12:07:00 202] - black IJIK
[Fri Oct 24 12:07:00 202] - white IIIL
[Fri Oct 24 12:07:00 202] - black HKGM
[Fri Oct 24 12:07:00 202] - white JKGL
[Fri Oct 24 12:07:00 202] - black JLIM
[Fri Oct 24 12:07:00 202] - white HJHM
[Fri Oct 24 12:07:00 202] - black JMKM
[Fri Oct 24 12:07:00 202] - white LMLN
[Fri Oct 24 12:07:00 202] - black LLMK
[Fri Oct 24 12:07:00 202] - white JNNJ
[Fri Oct 24 12:07:00 202] - black KHKI
[Fri Oct 24 12:07:00 202] - white KKKG
[Fri Oct 24 12:07:00 202] - black KLML
[Fri Oct 24 12:07:00 202] - white NLJI
[Fri Oct 24 12:07:00 202] - black LKNK
[Fri Oct 24 12:07:00 202] - white MJIN
[Fri Oct 24 12:07:00 202] - black MMMN
[Fri Oct 24 12:07:00 202] - next
[Fri Oct 24 12:07:02 202] - new xxx
[Fri Oct 24 12:07:02 202] - black KJKJ
[Fri Oct 24 12:07:02 202] - white JJLJ
[Fri Oct 24 12:07:02 202] - black IJIK
[Fri Oct 24 12:07:02 202] - white IIIL
[Fri Oct 24 12:07:02 202] - black HKGM
[Fri Oct 24 12:07:02 202] - white JKGL
[Fri Oct 24 12:07:02 202] - black JLIM
[Fri Oct 24 12:07:02 202] - white HJHM
[Fri Oct 24 12:07:02 202] - black JMKM
[Fri Oct 24 12:07:02 202] - white LMLN
[Fri Oct 24 12:07:02 202] - black LLMK
[Fri Oct 24 12:07:02 202] - white JNNJ
[Fri Oct 24 12:07:02 202] - black KHKI
[Fri Oct 24 12:07:02 202] - white KKKG
[Fri Oct 24 12:07:02 202] - black KLML
[Fri Oct 24 12:07:02 202] - white NLJI
[Fri Oct 24 12:07:02 202] - black LKNK
[Fri Oct 24 12:07:02 202] - white MJIN
[Fri Oct 24 12:07:02 202] - black MMMN
[Fri Oct 24 12:07:02 202] - white MONM
[Fri Oct 24 12:07:02 202] - black KNLO
[Fri Oct 24 12:07:02 202] - next
[Fri Oct 24 12:07:04 202] - new xxx
[Fri Oct 24 12:07:04 202] - black KJKJ
[Fri Oct 24 12:07:04 202] - white JJLJ
[Fri Oct 24 12:07:04 202] - black IJIK
[Fri Oct 24 12:07:04 202] - white IIIL
[Fri Oct 24 12:07:04 202] - black HKGM
[Fri Oct 24 12:07:04 202] - white JKGL
[Fri Oct 24 12:07:04 202] - black JLIM
[Fri Oct 24 12:07:04 202] - white HJHM
[Fri Oct 24 12:07:04 202] - black JMKM
[Fri Oct 24 12:07:04 202] - white LMLN
[Fri Oct 24 12:07:04 202] - black LLMK
[Fri Oct 24 12:07:04 202] - white JNNJ
[Fri Oct 24 12:07:04 202] - black KHKI
[Fri Oct 24 12:07:04 202] - white KKKG
[Fri Oct 24 12:07:04 202] - black KLML
[Fri Oct 24 12:07:04 202] - white NLJI
[Fri Oct 24 12:07:04 202] - black LKNK
[Fri Oct 24 12:07:04 202] - white MJIN
[Fri Oct 24 12:07:04 202] - black MMMN
[Fri Oct 24 12:07:04 202] - white MONM
[Fri Oct 24 12:07:04 202] - black KNLO
[Fri Oct 24 12:07:04 202] - white KOMP
[Fri Oct 24 12:07:04 202] - black QHPI
[Fri Oct 24 12:07:04 202] - next
[Fri Oct 24 12:07:09 202] - new xxx
[Fri Oct 24 12:07:09 202] - black KJKJ
[Fri Oct 24 12:07:09 202] - white JJLJ
[Fri Oct 24 12:07:09 202] - black IJIK
[Fri Oct 24 12:07:09 202] - white IIIL
[Fri Oct 24 12:07:09 202] - black HKGM
[Fri Oct 24 12:07:09 202] - white JKGL
[Fri Oct 24 12:07:09 202] - black JLIM
[Fri Oct 24 12:07:09 202] - white HJHM
[Fri Oct 24 12:07:09 202] - black JMKM
[Fri Oct 24 12:07:09 202] - white LMLN
[Fri Oct 24 12:07:09 202] - black LLMK
[Fri Oct 24 12:07:09 202] - white JNNJ
[Fri Oct 24 12:07:09 202] - black KHKI
[Fri Oct 24 12:07:09 202] - white KKKG
[Fri Oct 24 12:07:09 202] - black KLML
[Fri Oct 24 12:07:09 202] - white NLJI
[Fri Oct 24 12:07:09 202] - black LKNK
[Fri Oct 24 12:07:09 202] - white MJIN
[Fri Oct 24 12:07:09 202] - black MMMN
[Fri Oct 24 12:07:09 202] - white MONM
[Fri Oct 24 12:07:09 202] - black KNLO
[Fri Oct 24 12:07:09 202] - white KOMP
[Fri Oct 24 12:07:09 202] - black QHPI
[Fri Oct 24 12:07:09 202] - white OJOK
[Fri Oct 24 12:07:09 202] - black PPQQ
[Fri Oct 24 12:07:09 202] - next
[Fri Oct 24 12:07:12 202] - new xxx
[Fri Oct 24 12:07:12 202] - black KJKJ
[Fri Oct 24 12:07:12 202] - white JJLJ
[Fri Oct 24 12:07:12 202] - black IJIK
[Fri Oct 24 12:07:12 202] - white IIIL
[Fri Oct 24 12:07:12 202] - black HKGM
[Fri Oct 24 12:07:12 202] - white JKGL
[Fri Oct 24 12:07:12 202] - black JLIM
[Fri Oct 24 12:07:12 202] - white HJHM
[Fri Oct 24 12:07:12 202] - black JMKM
[Fri Oct 24 12:07:12 202] - white LMLN
[Fri Oct 24 12:07:12 202] - black LLMK
[Fri Oct 24 12:07:12 202] - white JNNJ
[Fri Oct 24 12:07:12 202] - black KHKI
[Fri Oct 24 12:07:12 202] - white KKKG
[Fri Oct 24 12:07:12 202] - black KLML
[Fri Oct 24 12:07:12 202] - white NLJI
[Fri Oct 24 12:07:12 202] - black LKNK
[Fri Oct 24 12:07:12 202] - white MJIN
[Fri Oct 24 12:07:12 202] - black MMMN
[Fri Oct 24 12:07:12 202] - white MONM
[Fri Oct 24 12:07:12 202] - black KNLO
[Fri Oct 24 12:07:12 202] - white KOMP
[Fri Oct 24 12:07:12 202] - black QHPI
[Fri Oct 24 12:07:12 202] - white OJOK
[Fri Oct 24 12:07:12 202] - black PPQQ
[Fri Oct 24 12:07:12 202] - white OORR
[Fri Oct 24 12:07:12 202] - black NNON
[Fri Oct 24 12:07:12 202] - next
[Fri Oct 24 12:07:15 202] - new xxx
[Fri Oct 24 12:07:15 202] - black KJKJ
[Fri Oct 24 12:07:15 202] - white JJLJ
[Fri Oct 24 12:07:15 202] - black IJIK
[Fri Oct 24 12:07:15 202] - white IIIL
[Fri Oct 24 12:07:15 202] - black HKGM
[Fri Oct 24 12:07:15 202] - white JKGL
[Fri Oct 24 12:07:15 202] - black JLIM
[Fri Oct 24 12:07:15 202] - white HJHM
[Fri Oct 24 12:07:15 202] - black JMKM
[Fri Oct 24 12:07:15 202] - white LMLN
[Fri Oct 24 12:07:15 202] - black LLMK
[Fri Oct 24 12:07:15 202] - white JNNJ
[Fri Oct 24 12:07:15 202] - black KHKI
[Fri Oct 24 12:07:15 202] - white KKKG
[Fri Oct 24 12:07:15 202] - black KLML
[Fri Oct 24 12:07:15 202] - white NLJI
[Fri Oct 24 12:07:15 202] - black LKNK
[Fri Oct 24 12:07:15 202] - white MJIN
[Fri Oct 24 12:07:15 202] - black MMMN
[Fri Oct 24 12:07:15 202] - white MONM
[Fri Oct 24 12:07:15 202] - black KNLO
[Fri Oct 24 12:07:15 202] - white KOMP
[Fri Oct 24 12:07:15 202] - black QHPI
[Fri Oct 24 12:07:15 202] - white OJOK
[Fri Oct 24 12:07:15 202] - black PPQQ
[Fri Oct 24 12:07:15 202] - white OORR
[Fri Oct 24 12:07:15 202] - black NNON
[Fri Oct 24 12:07:15 202] - white PNHL
[Fri Oct 24 12:07:15 202] - black FLFN
[Fri Oct 24 12:07:15 202] - next
[Fri Oct 24 12:07:18 202] - new xxx
[Fri Oct 24 12:07:18 202] - black KJKJ
[Fri Oct 24 12:07:18 202] - white JJLJ
[Fri Oct 24 12:07:18 202] - black IJIK
[Fri Oct 24 12:07:18 202] - white IIIL
[Fri Oct 24 12:07:18 202] - black HKGM
[Fri Oct 24 12:07:18 202] - white JKGL
[Fri Oct 24 12:07:18 202] - black JLIM
[Fri Oct 24 12:07:18 202] - white HJHM
[Fri Oct 24 12:07:18 202] - black JMKM
[Fri Oct 24 12:07:18 202] - white LMLN
[Fri Oct 24 12:07:18 202] - black LLMK
[Fri Oct 24 12:07:18 202] - white JNNJ
[Fri Oct 24 12:07:18 202] - black KHKI
[Fri Oct 24 12:07:18 202] - white KKKG
[Fri Oct 24 12:07:18 202] - black KLML
[Fri Oct 24 12:07:18 202] - white NLJI
[Fri Oct 24 12:07:18 202] - black LKNK
[Fri Oct 24 12:07:18 202] - white MJIN
[Fri Oct 24 12:07:18 202] - black MMMN
[Fri Oct 24 12:07:18 202] - white MONM
[Fri Oct 24 12:07:18 202] - black KNLO
[Fri Oct 24 12:07:18 202] - white KOMP
[Fri Oct 24 12:07:18 202] - black QHPI
[Fri Oct 24 12:07:18 202] - white OJOK
[Fri Oct 24 12:07:18 202] - black PPQQ
[Fri Oct 24 12:07:18 202] - white OORR
[Fri Oct 24 12:07:18 202] - black NNON
[Fri Oct 24 12:07:18 202] - white PNHL
[Fri Oct 24 12:07:18 202] - black FLFN
[Fri Oct 24 12:07:18 202] - white HNFM
[Fri Oct 24 12:07:18 202] - black GNJO
[Fri Oct 24 12:07:18 202] - next
[Fri Oct 24 12:07:23 202] - new xxx
[Fri Oct 24 12:07:23 202] - black KJKJ
[Fri Oct 24 12:07:23 202] - white JJLJ
[Fri Oct 24 12:07:23 202] - black IJIK
[Fri Oct 24 12:07:23 202] - white IIIL
[Fri Oct 24 12:07:23 202] - black HKGM
[Fri Oct 24 12:07:23 202] - white JKGL
[Fri Oct 24 12:07:23 202] - black JLIM
[Fri Oct 24 12:07:23 202] - white HJHM
[Fri Oct 24 12:07:23 202] - black JMKM
[Fri Oct 24 12:07:23 202] - white LMLN
[Fri Oct 24 12:07:23 202] - black LLMK
[Fri Oct 24 12:07:23 202] - white JNNJ
[Fri Oct 24 12:07:23 202] - black KHKI
[Fri Oct 24 12:07:23 202] - white KKKG
[Fri Oct 24 12:07:23 202] - black KLML
[Fri Oct 24 12:07:23 202] - white NLJI
[Fri Oct 24 12:07:23 202] - black LKNK
[Fri Oct 24 12:07:23 202] - white MJIN
[Fri Oct 24 12:07:23 202] - black MMMN
[Fri Oct 24 12:07:23 202] - white MONM
[Fri Oct 24 12:07:23 202] - black KNLO
[Fri Oct 24 12:07:23 202] - white KOMP
[Fri Oct 24 12:07:23 202] - black QHPI
[Fri Oct 24 12:07:23 202] - white OJOK
[Fri Oct 24 12:07:23 202] - black PPQQ
[Fri Oct 24 12:07:23 202] - white OORR
[Fri Oct 24 12:07:23 202] - black NNON
[Fri Oct 24 12:07:23 202] - white PNHL
[Fri Oct 24 12:07:23 202] - black FLFN
[Fri Oct 24 12:07:23 202] - white HNFM
[Fri Oct 24 12:07:23 202] - black GNJO
[Fri Oct 24 12:07:23 202] - white GOKP
[Fri Oct 24 12:07:23 202] - black IPEO
[Fri Oct 24 12:07:23 202] - next
[Fri Oct 24 12:07:26 202] - new xxx
[Fri Oct 24 12:07:26 202] - black KJKJ
[Fri Oct 24 12:07:26 202] - white JJLJ
[Fri Oct 24 12:07:26 202] - black IJIK
[Fri Oct 24 12:07:26 202] - white IIIL
[Fri Oct 24 12:07:26 202] - black HKGM
[Fri Oct 24 12:07:26 202] - white JKGL
[Fri Oct 24 12:07:26 202] - black JLIM
[Fri Oct 24 12:07:26 202] - white HJHM
[Fri Oct 24 12:07:26 202] - black JMKM
[Fri Oct 24 12:07:26 202] - white LMLN
[Fri Oct 24 12:07:26 202] - black LLMK
[Fri Oct 24 12:07:26 202] - white JNNJ
[Fri Oct 24 12:07:26 202] - black KHKI
[Fri Oct 24 12:07:26 202] - white KKKG
[Fri Oct 24 12:07:26 202] - black KLML
[Fri Oct 24 12:07:26 202] - white NLJI
[Fri Oct 24 12:07:26 202] - black LKNK
[Fri Oct 24 12:07:26 202] - white MJIN
[Fri Oct 24 12:07:26 202] - black MMMN
[Fri Oct 24 12:07:26 202] - white MONM
[Fri Oct 24 12:07:26 202] - black KNLO
[Fri Oct 24 12:07:26 202] - white KOMP
[Fri Oct 24 12:07:26 202] - black QHPI
[Fri Oct 24 12:07:26 202] - white OJOK
[Fri Oct 24 12:07:26 202] - black PPQQ
[Fri Oct 24 12:07:26 202] - white OORR
[Fri Oct 24 12:07:26 202] - black NNON
[Fri Oct 24 12:07:26 202] - white PNHL
[Fri Oct 24 12:07:26 202] - black FLFN
[Fri Oct 24 12:07:26 202] - white HNFM
[Fri Oct 24 12:07:26 202] - black GNJO
[Fri Oct 24 12:07:26 202] - white GOKP
[Fri Oct 24 12:07:26 202] - black IPEO
[Fri Oct 24 12:07:26 202] - white HQDP
[Fri Oct 24 12:07:26 202] - black JHRG
[Fri Oct 24 12:07:26 202] - next
[Fri Oct 24 12:07:30 202] - new xxx
[Fri Oct 24 12:07:30 202] - black KJKJ
[Fri Oct 24 12:07:30 202] - white JJLJ
[Fri Oct 24 12:07:30 202] - black IJIK
[Fri Oct 24 12:07:30 202] - white IIIL
[Fri Oct 24 12:07:30 202] - black HKGM
[Fri Oct 24 12:07:30 202] - white JKGL
[Fri Oct 24 12:07:30 202] - black JLIM
[Fri Oct 24 12:07:30 202] - white HJHM
[Fri Oct 24 12:07:30 202] - black JMKM
[Fri Oct 24 12:07:30 202] - white LMLN
[Fri Oct 24 12:07:30 202] - black LLMK
[Fri Oct 24 12:07:30 202] - white JNNJ
[Fri Oct 24 12:07:30 202] - black KHKI
[Fri Oct 24 12:07:30 202] - white KKKG
[Fri Oct 24 12:07:30 202] - black KLML
[Fri Oct 24 12:07:30 202] - white NLJI
[Fri Oct 24 12:07:30 202] - black LKNK
[Fri Oct 24 12:07:30 202] - white MJIN
[Fri Oct 24 12:07:30 202] - black MMMN
[Fri Oct 24 12:07:30 202] - white MONM
[Fri Oct 24 12:07:30 202] - black KNLO
[Fri Oct 24 12:07:30 202] - white KOMP
[Fri Oct 24 12:07:30 202] - black QHPI
[Fri Oct 24 12:07:30 202] - white OJOK
[Fri Oct 24 12:07:30 202] - black PPQQ
[Fri Oct 24 12:07:30 202] - white OORR
[Fri Oct 24 12:07:30 202] - black NNON
[Fri Oct 24 12:07:30 202] - white PNHL
[Fri Oct 24 12:07:30 202] - black FLFN
[Fri Oct 24 12:07:30 202] - white HNFM
[Fri Oct 24 12:07:30 202] - black GNJO
[Fri Oct 24 12:07:30 202] - white GOKP
[Fri Oct 24 12:07:30 202] - black IPEO
[Fri Oct 24 12:07:30 202] - white HQDP
[Fri Oct 24 12:07:30 202] - black JHRG
[Fri Oct 24 12:07:30 202] - white LHIH
[Fri Oct 24 12:07:30 202] - black LIEM
[Fri Oct 24 12:07:30 202] - next
[Fri Oct 24 12:07:32 202] - new xxx
[Fri Oct 24 12:07:32 202] - black KJKJ
[Fri Oct 24 12:07:32 202] - white JJLJ
[Fri Oct 24 12:07:32 202] - black IJIK
[Fri Oct 24 12:07:32 202] - white IIIL
[Fri Oct 24 12:07:32 202] - black HKGM
[Fri Oct 24 12:07:32 202] - white JKGL
[Fri Oct 24 12:07:32 202] - black JLIM
[Fri Oct 24 12:07:32 202] - white HJHM
[Fri Oct 24 12:07:32 202] - black JMKM
[Fri Oct 24 12:07:32 202] - white LMLN
[Fri Oct 24 12:07:32 202] - black LLMK
[Fri Oct 24 12:07:32 202] - white JNNJ
[Fri Oct 24 12:07:32 202] - black KHKI
[Fri Oct 24 12:07:32 202] - white KKKG
[Fri Oct 24 12:07:32 202] - black KLML
[Fri Oct 24 12:07:32 202] - white NLJI
[Fri Oct 24 12:07:32 202] - black LKNK
[Fri Oct 24 12:07:32 202] - white MJIN
[Fri Oct 24 12:07:32 202] - black MMMN
[Fri Oct 24 12:07:32 202] - white MONM
[Fri Oct 24 12:07:32 202] - black KNLO
[Fri Oct 24 12:07:32 202] - white KOMP
[Fri Oct 24 12:07:32 202] - black QHPI
[Fri Oct 24 12:07:32 202] - white OJOK
[Fri Oct 24 12:07:32 202] - black PPQQ
[Fri Oct 24 12:07:32 202] - white OORR
[Fri Oct 24 12:07:32 202] - black NNON
[Fri Oct 24 12:07:32 202] - white PNHL
[Fri Oct 24 12:07:32 202] - black FLFN
[Fri Oct 24 12:07:32 202] - white HNFM
[Fri Oct 24 12:07:32 202] - black GNJO
[Fri Oct 24 12:07:32 202] - white GOKP
[Fri Oct 24 12:07:32 202] - black IPEO
[Fri Oct 24 12:07:32 202] - white HQDP
[Fri Oct 24 12:07:32 202] - black JHRG
[Fri Oct 24 12:07:32 202] - white LHIH
[Fri Oct 24 12:07:32 202] - black LIEM
[Fri Oct 24 12:07:32 202] - white ENDN
[Fri Oct 24 12:07:32 202] - black DMDL
[Fri Oct 24 12:07:32 202] - next
[Fri Oct 24 12:07:34 202] - new xxx
[Fri Oct 24 12:07:34 202] - black KJKJ
[Fri Oct 24 12:07:34 202] - white JJLJ
[Fri Oct 24 12:07:34 202] - black IJIK
[Fri Oct 24 12:07:34 202] - white IIIL
[Fri Oct 24 12:07:34 202] - black HKGM
[Fri Oct 24 12:07:34 202] - white JKGL
[Fri Oct 24 12:07:34 202] - black JLIM
[Fri Oct 24 12:07:34 202] - white HJHM
[Fri Oct 24 12:07:34 202] - black JMKM
[Fri Oct 24 12:07:34 202] - white LMLN
[Fri Oct 24 12:07:34 202] - black LLMK
[Fri Oct 24 12:07:34 202] - white JNNJ
[Fri Oct 24 12:07:34 202] - black KHKI
[Fri Oct 24 12:07:34 202] - white KKKG
[Fri Oct 24 12:07:34 202] - black KLML
[Fri Oct 24 12:07:34 202] - white NLJI
[Fri Oct 24 12:07:34 202] - black LKNK
[Fri Oct 24 12:07:34 202] - white MJIN
[Fri Oct 24 12:07:34 202] - black MMMN
[Fri Oct 24 12:07:34 202] - white MONM
[Fri Oct 24 12:07:34 202] - black KNLO
[Fri Oct 24 12:07:34 202] - white KOMP
[Fri Oct 24 12:07:34 202] - black QHPI
[Fri Oct 24 12:07:34 202] - white OJOK
[Fri Oct 24 12:07:34 202] - black PPQQ
[Fri Oct 24 12:07:34 202] - white OORR
[Fri Oct 24 12:07:34 202] - black NNON
[Fri Oct 24 12:07:34 202] - white PNHL
[Fri Oct 24 12:07:34 202] - black FLFN
[Fri Oct 24 12:07:34 202] - white HNFM
[Fri Oct 24 12:07:34 202] - black GNJO
[Fri Oct 24 12:07:34 202] - white GOKP
[Fri Oct 24 12:07:34 202] - black IPEO
[Fri Oct 24 12:07:34 202] - white HQDP
[Fri Oct 24 12:07:34 202] - black JHRG
[Fri Oct 24 12:07:34 202] - white LHIH
[Fri Oct 24 12:07:34 202] - black LIEM
[Fri Oct 24 12:07:34 202] - white ENDN
[Fri Oct 24 12:07:34 202] - black DMDL
[Fri Oct 24 12:07:34 202] - white CKEL
[Fri Oct 24 12:07:34 202] - black DKDI
[Fri Oct 24 12:07:34 202] - next
[Fri Oct 24 12:07:35 202] - new xxx
[Fri Oct 24 12:07:35 202] - black KJKJ
[Fri Oct 24 12:07:35 202] - white JJLJ
[Fri Oct 24 12:07:35 202] - black IJIK
[Fri Oct 24 12:07:35 202] - white IIIL
[Fri Oct 24 12:07:35 202] - black HKGM
[Fri Oct 24 12:07:35 202] - white JKGL
[Fri Oct 24 12:07:35 202] - black JLIM
[Fri Oct 24 12:07:35 202] - white HJHM
[Fri Oct 24 12:07:35 202] - black JMKM
[Fri Oct 24 12:07:35 202] - white LMLN
[Fri Oct 24 12:07:35 202] - black LLMK
[Fri Oct 24 12:07:35 202] - white JNNJ
[Fri Oct 24 12:07:35 202] - black KHKI
[Fri Oct 24 12:07:35 202] - white KKKG
[Fri Oct 24 12:07:35 202] - black KLML
[Fri Oct 24 12:07:35 202] - white NLJI
[Fri Oct 24 12:07:35 202] - black LKNK
[Fri Oct 24 12:07:35 202] - white MJIN
[Fri Oct 24 12:07:35 202] - black MMMN
[Fri Oct 24 12:07:35 202] - white MONM
[Fri Oct 24 12:07:35 202] - black KNLO
[Fri Oct 24 12:07:35 202] - white KOMP
[Fri Oct 24 12:07:35 202] - black QHPI
[Fri Oct 24 12:07:35 202] - white OJOK
[Fri Oct 24 12:07:35 202] - black PPQQ
[Fri Oct 24 12:07:35 202] - white OORR
[Fri Oct 24 12:07:35 202] - black NNON
[Fri Oct 24 12:07:35 202] - white PNHL
[Fri Oct 24 12:07:35 202] - black FLFN
[Fri Oct 24 12:07:35 202] - white HNFM
[Fri Oct 24 12:07:35 202] - black GNJO
[Fri Oct 24 12:07:35 202] - white GOKP
[Fri Oct 24 12:07:35 202] - black IPEO
[Fri Oct 24 12:07:35 202] - white HQDP
[Fri Oct 24 12:07:35 202] - black JHRG
[Fri Oct 24 12:07:35 202] - white LHIH
[Fri Oct 24 12:07:35 202] - black LIEM
[Fri Oct 24 12:07:35 202] - white ENDN
[Fri Oct 24 12:07:35 202] - black DMDL
[Fri Oct 24 12:07:35 202] - white CKEL
[Fri Oct 24 12:07:35 202] - black DKDI
[Fri Oct 24 12:07:35 202] - white DJEK
[Fri Oct 24 12:07:35 202] - black FKGK
[Fri Oct 24 12:07:35 202] - next
[Fri Oct 24 12:07:38 202] - new xxx
[Fri Oct 24 12:07:38 202] - black KJKJ
[Fri Oct 24 12:07:38 202] - white JJLJ
[Fri Oct 24 12:07:38 202] - black IJIK
[Fri Oct 24 12:07:38 202] - white IIIL
[Fri Oct 24 12:07:38 202] - black HKGM
[Fri Oct 24 12:07:38 202] - white JKGL
[Fri Oct 24 12:07:38 202] - black JLIM
[Fri Oct 24 12:07:38 202] - white HJHM
[Fri Oct 24 12:07:38 202] - black JMKM
[Fri Oct 24 12:07:38 202] - white LMLN
[Fri Oct 24 12:07:38 202] - black LLMK
[Fri Oct 24 12:07:38 202] - white JNNJ
[Fri Oct 24 12:07:38 202] - black KHKI
[Fri Oct 24 12:07:38 202] - white KKKG
[Fri Oct 24 12:07:38 202] - black KLML
[Fri Oct 24 12:07:38 202] - white NLJI
[Fri Oct 24 12:07:38 202] - black LKNK
[Fri Oct 24 12:07:38 202] - white MJIN
[Fri Oct 24 12:07:38 202] - black MMMN
[Fri Oct 24 12:07:38 202] - white MONM
[Fri Oct 24 12:07:38 202] - black KNLO
[Fri Oct 24 12:07:38 202] - white KOMP
[Fri Oct 24 12:07:38 202] - black QHPI
[Fri Oct 24 12:07:38 202] - white OJOK
[Fri Oct 24 12:07:38 202] - black PPQQ
[Fri Oct 24 12:07:38 202] - white OORR
[Fri Oct 24 12:07:38 202] - black NNON
[Fri Oct 24 12:07:38 202] - white PNHL
[Fri Oct 24 12:07:38 202] - black FLFN
[Fri Oct 24 12:07:38 202] - white HNFM
[Fri Oct 24 12:07:38 202] - black GNJO
[Fri Oct 24 12:07:38 202] - white GOKP
[Fri Oct 24 12:07:38 202] - black IPEO
[Fri Oct 24 12:07:38 202] - white HQDP
[Fri Oct 24 12:07:38 202] - black JHRG
[Fri Oct 24 12:07:38 202] - white LHIH
[Fri Oct 24 12:07:38 202] - black LIEM
[Fri Oct 24 12:07:38 202] - white ENDN
[Fri Oct 24 12:07:38 202] - black DMDL
[Fri Oct 24 12:07:38 202] - white CKEL
[Fri Oct 24 12:07:38 202] - black DKDI
[Fri Oct 24 12:07:38 202] - white DJEK
[Fri Oct 24 12:07:38 202] - black FKGK
[Fri Oct 24 12:07:38 202] - white EJFJ
[Fri Oct 24 12:07:38 202] - black GIFI
[Fri Oct 24 12:07:38 202] - next
[Fri Oct 24 12:07:46 202] - new xxx
[Fri Oct 24 12:07:46 202] - black KJKJ
[Fri Oct 24 12:07:46 202] - white JJLJ
[Fri Oct 24 12:07:46 202] - black IJIK
[Fri Oct 24 12:07:46 202] - white IIIL
[Fri Oct 24 12:07:46 202] - black HKGM
[Fri Oct 24 12:07:46 202] - white JKGL
[Fri Oct 24 12:07:46 202] - black JLIM
[Fri Oct 24 12:07:46 202] - white HJHM
[Fri Oct 24 12:07:46 202] - black JMKM
[Fri Oct 24 12:07:46 202] - white LMLN
[Fri Oct 24 12:07:46 202] - black LLMK
[Fri Oct 24 12:07:46 202] - white JNNJ
[Fri Oct 24 12:07:46 202] - black KHKI
[Fri Oct 24 12:07:46 202] - white KKKG
[Fri Oct 24 12:07:46 202] - black KLML
[Fri Oct 24 12:07:46 202] - white NLJI
[Fri Oct 24 12:07:46 202] - black LKNK
[Fri Oct 24 12:07:46 202] - white MJIN
[Fri Oct 24 12:07:46 202] - black MMMN
[Fri Oct 24 12:07:46 202] - white MONM
[Fri Oct 24 12:07:46 202] - black KNLO
[Fri Oct 24 12:07:46 202] - white KOMP
[Fri Oct 24 12:07:46 202] - black QHPI
[Fri Oct 24 12:07:46 202] - white OJOK
[Fri Oct 24 12:07:46 202] - black PPQQ
[Fri Oct 24 12:07:46 202] - white OORR
[Fri Oct 24 12:07:46 202] - black NNON
[Fri Oct 24 12:07:46 202] - white PNHL
[Fri Oct 24 12:07:46 202] - black FLFN
[Fri Oct 24 12:07:46 202] - white HNFM
[Fri Oct 24 12:07:46 202] - black GNJO
[Fri Oct 24 12:07:46 202] - white GOKP
[Fri Oct 24 12:07:46 202] - black IPEO
[Fri Oct 24 12:07:46 202] - white HQDP
[Fri Oct 24 12:07:46 202] - black JHRG
[Fri Oct 24 12:07:46 202] - white LHIH
[Fri Oct 24 12:07:46 202] - black LIEM
[Fri Oct 24 12:07:46 202] - white ENDN
[Fri Oct 24 12:07:46 202] - black DMDL
[Fri Oct 24 12:07:46 202] - white CKEL
[Fri Oct 24 12:07:46 202] - black DKDI
[Fri Oct 24 12:07:46 202] - white DJEK
[Fri Oct 24 12:07:46 202] - black FKGK
[Fri Oct 24 12:07:46 202] - white EJFJ
[Fri Oct 24 12:07:46 202] - black GIFI
[Fri Oct 24 12:07:46 202] - white EIHI
[Fri Oct 24 12:07:46 202] - black GJPJ
[Fri Oct 24 12:07:46 202] - next
[Fri Oct 24 12:07:59 202] - new xxx
[Fri Oct 24 12:07:59 202] - black KJKJ
[Fri Oct 24 12:07:59 202] - white JJLJ
[Fri Oct 24 12:07:59 202] - black IJIK
[Fri Oct 24 12:07:59 202] - white IIIL
[Fri Oct 24 12:07:59 202] - black HKGM
[Fri Oct 24 12:07:59 202] - white JKGL
[Fri Oct 24 12:07:59 202] - black JLIM
[Fri Oct 24 12:07:59 202] - white HJHM
[Fri Oct 24 12:07:59 202] - black JMKM
[Fri Oct 24 12:07:59 202] - white LMLN
[Fri Oct 24 12:07:59 202] - black LLMK
[Fri Oct 24 12:07:59 202] - white JNNJ
[Fri Oct 24 12:07:59 202] - black KHKI
[Fri Oct 24 12:07:59 202] - white KKKG
[Fri Oct 24 12:07:59 202] - black KLML
[Fri Oct 24 12:07:59 202] - white NLJI
[Fri Oct 24 12:07:59 202] - black LKNK
[Fri Oct 24 12:07:59 202] - white MJIN
[Fri Oct 24 12:07:59 202] - black MMMN
[Fri Oct 24 12:07:59 202] - white MONM
[Fri Oct 24 12:07:59 202] - black KNLO
[Fri Oct 24 12:07:59 202] - white KOMP
[Fri Oct 24 12:07:59 202] - black QHPI
[Fri Oct 24 12:07:59 202] - white OJOK
[Fri Oct 24 12:07:59 202] - black PPQQ
[Fri Oct 24 12:07:59 202] - white OORR
[Fri Oct 24 12:07:59 202] - black NNON
[Fri Oct 24 12:07:59 202] - white PNHL
[Fri Oct 24 12:07:59 202] - black FLFN
[Fri Oct 24 12:07:59 202] - white HNFM
[Fri Oct 24 12:07:59 202] - black GNJO
[Fri Oct 24 12:07:59 202] - white GOKP
[Fri Oct 24 12:07:59 202] - black IPEO
[Fri Oct 24 12:07:59 202] - white HQDP
[Fri Oct 24 12:07:59 202] - black JHRG
[Fri Oct 24 12:07:59 202] - white LHIH
[Fri Oct 24 12:07:59 202] - black LIEM
[Fri Oct 24 12:07:59 202] - white ENDN
[Fri Oct 24 12:07:59 202] - black DMDL
[Fri Oct 24 12:07:59 202] - white CKEL
[Fri Oct 24 12:07:59 202] - black DKDI
[Fri Oct 24 12:07:59 202] - white DJEK
[Fri Oct 24 12:07:59 202] - black FKGK
[Fri Oct 24 12:07:59 202] - white EJFJ
[Fri Oct 24 12:07:59 202] - black GIFI
[Fri Oct 24 12:07:59 202] - white EIHI
[Fri Oct 24 12:07:59 202] - black GJPJ
[Fri Oct 24 12:07:59 202] - white GHPH
[Fri Oct 24 12:07:59 202] - black POPM
[Fri Oct 24 12:07:59 202] - next
[Fri Oct 24 12:08:10 202] - new xxx
[Fri Oct 24 12:08:10 202] - black KJKJ
[Fri Oct 24 12:08:10 202] - white JJLJ
[Fri Oct 24 12:08:10 202] - black IJIK
[Fri Oct 24 12:08:10 202] - white IIIL
[Fri Oct 24 12:08:10 202] - black HKGM
[Fri Oct 24 12:08:10 202] - white JKGL
[Fri Oct 24 12:08:10 202] - black JLIM
[Fri Oct 24 12:08:10 202] - white HJHM
[Fri Oct 24 12:08:10 202] - black JMKM
[Fri Oct 24 12:08:10 202] - white LMLN
[Fri Oct 24 12:08:10 202] - black LLMK
[Fri Oct 24 12:08:10 202] - white JNNJ
[Fri Oct 24 12:08:10 202] - black KHKI
[Fri Oct 24 12:08:10 202] - white KKKG
[Fri Oct 24 12:08:10 202] - black KLML
[Fri Oct 24 12:08:10 202] - white NLJI
[Fri Oct 24 12:08:10 202] - black LKNK
[Fri Oct 24 12:08:10 202] - white MJIN
[Fri Oct 24 12:08:10 202] - black MMMN
[Fri Oct 24 12:08:10 202] - white MONM
[Fri Oct 24 12:08:10 202] - black KNLO
[Fri Oct 24 12:08:10 202] - white KOMP
[Fri Oct 24 12:08:10 202] - black QHPI
[Fri Oct 24 12:08:10 202] - white OJOK
[Fri Oct 24 12:08:10 202] - black PPQQ
[Fri Oct 24 12:08:10 202] - white OORR
[Fri Oct 24 12:08:10 202] - black NNON
[Fri Oct 24 12:08:10 202] - white PNHL
[Fri Oct 24 12:08:10 202] - black FLFN
[Fri Oct 24 12:08:10 202] - white HNFM
[Fri Oct 24 12:08:10 202] - black GNJO
[Fri Oct 24 12:08:10 202] - white GOKP
[Fri Oct 24 12:08:10 202] - black IPEO
[Fri Oct 24 12:08:10 202] - white HQDP
[Fri Oct 24 12:08:10 202] - black JHRG
[Fri Oct 24 12:08:10 202] - white LHIH
[Fri Oct 24 12:08:10 202] - black LIEM
[Fri Oct 24 12:08:10 202] - white ENDN
[Fri Oct 24 12:08:10 202] - black DMDL
[Fri Oct 24 12:08:10 202] - white CKEL
[Fri Oct 24 12:08:10 202] - black DKDI
[Fri Oct 24 12:08:10 202] - white DJEK
[Fri Oct 24 12:08:10 202] - black FKGK
[Fri Oct 24 12:08:10 202] - white EJFJ
[Fri Oct 24 12:08:10 202] - black GIFI
[Fri Oct 24 12:08:10 202] - white EIHI
[Fri Oct 24 12:08:10 202] - black GJPJ
[Fri Oct 24 12:08:10 202] - white GHPH
[Fri Oct 24 12:08:10 202] - black POPM
[Fri Oct 24 12:08:10 202] - white EHQP
[Fri Oct 24 12:08:10 202] - black HOIO
[Fri Oct 24 12:08:10 202] - next
[Fri Oct 24 12:08:28 202] - new xxx
[Fri Oct 24 12:08:28 202] - black KJKJ
[Fri Oct 24 12:08:28 202] - white JJLJ
[Fri Oct 24 12:08:28 202] - black IJIK
[Fri Oct 24 12:08:28 202] - white IIIL
[Fri Oct 24 12:08:28 202] - black HKGM
[Fri Oct 24 12:08:28 202] - white JKGL
[Fri Oct 24 12:08:28 202] - black JLIM
[Fri Oct 24 12:08:28 202] - white HJHM
[Fri Oct 24 12:08:28 202] - black JMKM
[Fri Oct 24 12:08:28 202] - white LMLN
[Fri Oct 24 12:08:28 202] - black LLMK
[Fri Oct 24 12:08:28 202] - white JNNJ
[Fri Oct 24 12:08:28 202] - black KHKI
[Fri Oct 24 12:08:28 202] - white KKKG
[Fri Oct 24 12:08:28 202] - black KLML
[Fri Oct 24 12:08:28 202] - white NLJI
[Fri Oct 24 12:08:28 202] - black LKNK
[Fri Oct 24 12:08:28 202] - white MJIN
[Fri Oct 24 12:08:28 202] - black MMMN
[Fri Oct 24 12:08:28 202] - white MONM
[Fri Oct 24 12:08:28 202] - black KNLO
[Fri Oct 24 12:08:28 202] - white KOMP
[Fri Oct 24 12:08:28 202] - black QHPI
[Fri Oct 24 12:08:28 202] - white OJOK
[Fri Oct 24 12:08:28 202] - black PPQQ
[Fri Oct 24 12:08:28 202] - white OORR
[Fri Oct 24 12:08:28 202] - black NNON
[Fri Oct 24 12:08:28 202] - white PNHL
[Fri Oct 24 12:08:28 202] - black FLFN
[Fri Oct 24 12:08:28 202] - white HNFM
[Fri Oct 24 12:08:28 202] - black GNJO
[Fri Oct 24 12:08:28 202] - white GOKP
[Fri Oct 24 12:08:28 202] - black IPEO
[Fri Oct 24 12:08:28 202] - white HQDP
[Fri Oct 24 12:08:28 202] - black JHRG
[Fri Oct 24 12:08:28 202] - white LHIH
[Fri Oct 24 12:08:28 202] - black LIEM
[Fri Oct 24 12:08:28 202] - white ENDN
[Fri Oct 24 12:08:28 202] - black DMDL
[Fri Oct 24 12:08:28 202] - white CKEL
[Fri Oct 24 12:08:28 202] - black DKDI
[Fri Oct 24 12:08:28 202] - white DJEK
[Fri Oct 24 12:08:28 202] - black FKGK
[Fri Oct 24 12:08:28 202] - white EJFJ
[Fri Oct 24 12:08:28 202] - black GIFI
[Fri Oct 24 12:08:28 202] - white EIHI
[Fri Oct 24 12:08:28 202] - black GJPJ
[Fri Oct 24 12:08:28 202] - white GHPH
[Fri Oct 24 12:08:28 202] - black POPM
[Fri Oct 24 12:08:28 202] - white EHQP
[Fri Oct 24 12:08:28 202] - black HOIO
[Fri Oct 24 12:08:28 202] - white JQIQ
[Fri Oct 24 12:08:28 202] - black JPHP
[Fri Oct 24 12:08:28 202] - next
[Fri Oct 24 12:08:44 202] - new xxx
[Fri Oct 24 12:08:44 202] - black KJKJ
[Fri Oct 24 12:08:44 202] - white JJLJ
[Fri Oct 24 12:08:44 202] - black IJIK
[Fri Oct 24 12:08:44 202] - white IIIL
[Fri Oct 24 12:08:44 202] - black HKGM
[Fri Oct 24 12:08:44 202] - white JKGL
[Fri Oct 24 12:08:44 202] - black JLIM
[Fri Oct 24 12:08:44 202] - white HJHM
[Fri Oct 24 12:08:44 202] - black JMKM
[Fri Oct 24 12:08:44 202] - white LMLN
[Fri Oct 24 12:08:44 202] - black LLMK
[Fri Oct 24 12:08:44 202] - white JNNJ
[Fri Oct 24 12:08:44 202] - black KHKI
[Fri Oct 24 12:08:44 202] - white KKKG
[Fri Oct 24 12:08:44 202] - black KLML
[Fri Oct 24 12:08:44 202] - white NLJI
[Fri Oct 24 12:08:44 202] - black LKNK
[Fri Oct 24 12:08:44 202] - white MJIN
[Fri Oct 24 12:08:44 202] - black MMMN
[Fri Oct 24 12:08:44 202] - white MONM
[Fri Oct 24 12:08:44 202] - black KNLO
[Fri Oct 24 12:08:44 202] - white KOMP
[Fri Oct 24 12:08:44 202] - black QHPI
[Fri Oct 24 12:08:44 202] - white OJOK
[Fri Oct 24 12:08:44 202] - black PPQQ
[Fri Oct 24 12:08:44 202] - white OORR
[Fri Oct 24 12:08:44 202] - black NNON
[Fri Oct 24 12:08:44 202] - white PNHL
[Fri Oct 24 12:08:44 202] - black FLFN
[Fri Oct 24 12:08:44 202] - white HNFM
[Fri Oct 24 12:08:44 202] - black GNJO
[Fri Oct 24 12:08:44 202] - white GOKP
[Fri Oct 24 12:08:44 202] - black IPEO
[Fri Oct 24 12:08:44 202] - white HQDP
[Fri Oct 24 12:08:44 202] - black JHRG
[Fri Oct 24 12:08:44 202] - white LHIH
[Fri Oct 24 12:08:44 202] - black LIEM
[Fri Oct 24 12:08:44 202] - white ENDN
[Fri Oct 24 12:08:44 202] - black DMDL
[Fri Oct 24 12:08:44 202] - white CKEL
[Fri Oct 24 12:08:44 202] - black DKDI
[Fri Oct 24 12:08:44 202] - white DJEK
[Fri Oct 24 12:08:44 202] - black FKGK
[Fri Oct 24 12:08:44 202] - white EJFJ
[Fri Oct 24 12:08:44 202] - black GIFI
[Fri Oct 24 12:08:44 202] - white EIHI
[Fri Oct 24 12:08:44 202] - black GJPJ
[Fri Oct 24 12:08:44 202] - white GHPH
[Fri Oct 24 12:08:44 202] - black POPM
[Fri Oct 24 12:08:44 202] - white EHQP
[Fri Oct 24 12:08:44 202] - black HOIO
[Fri Oct 24 12:08:44 202] - white JQIQ
[Fri Oct 24 12:08:44 202] - black JPHP
[Fri Oct 24 12:08:44 202] - white GPGQ
[Fri Oct 24 12:08:44 202] - black AMAL
[Fri Oct 24 12:08:44 202] - next
[Fri Oct 24 12:08:58 202] - new xxx
[Fri Oct 24 12:08:58 202] - black KJKJ
[Fri Oct 24 12:08:58 202] - white JJLJ
[Fri Oct 24 12:08:58 202] - black IJIK
[Fri Oct 24 12:08:58 202] - white IIIL
[Fri Oct 24 12:08:58 202] - black HKGM
[Fri Oct 24 12:08:58 202] - white JKGL
[Fri Oct 24 12:08:58 202] - black JLIM
[Fri Oct 24 12:08:58 202] - white HJHM
[Fri Oct 24 12:08:58 202] - black JMKM
[Fri Oct 24 12:08:58 202] - white LMLN
[Fri Oct 24 12:08:58 202] - black LLMK
[Fri Oct 24 12:08:58 202] - white JNNJ
[Fri Oct 24 12:08:58 202] - black KHKI
[Fri Oct 24 12:08:58 202] - white KKKG
[Fri Oct 24 12:08:58 202] - black KLML
[Fri Oct 24 12:08:58 202] - white NLJI
[Fri Oct 24 12:08:58 202] - black LKNK
[Fri Oct 24 12:08:58 202] - white MJIN
[Fri Oct 24 12:08:58 202] - black MMMN
[Fri Oct 24 12:08:58 202] - white MONM
[Fri Oct 24 12:08:58 202] - black KNLO
[Fri Oct 24 12:08:58 202] - white KOMP
[Fri Oct 24 12:08:58 202] - black QHPI
[Fri Oct 24 12:08:58 202] - white OJOK
[Fri Oct 24 12:08:58 202] - black PPQQ
[Fri Oct 24 12:08:58 202] - white OORR
[Fri Oct 24 12:08:58 202] - black NNON
[Fri Oct 24 12:08:58 202] - white PNHL
[Fri Oct 24 12:08:58 202] - black FLFN
[Fri Oct 24 12:08:58 202] - white HNFM
[Fri Oct 24 12:08:58 202] - black GNJO
[Fri Oct 24 12:08:58 202] - white GOKP
[Fri Oct 24 12:08:58 202] - black IPEO
[Fri Oct 24 12:08:58 202] - white HQDP
[Fri Oct 24 12:08:58 202] - black JHRG
[Fri Oct 24 12:08:58 202] - white LHIH
[Fri Oct 24 12:08:58 202] - black LIEM
[Fri Oct 24 12:08:58 202] - white ENDN
[Fri Oct 24 12:08:58 202] - black DMDL
[Fri Oct 24 12:08:58 202] - white CKEL
[Fri Oct 24 12:08:58 202] - black DKDI
[Fri Oct 24 12:08:58 202] - white DJEK
[Fri Oct 24 12:08:58 202] - black FKGK
[Fri Oct 24 12:08:58 202] - white EJFJ
[Fri Oct 24 12:08:58 202] - black GIFI
[Fri Oct 24 12:08:58 202] - white EIHI
[Fri Oct 24 12:08:58 202] - black GJPJ
[Fri Oct 24 12:08:58 202] - white GHPH
[Fri Oct 24 12:08:58 202] - black POPM
[Fri Oct 24 12:08:58 202] - white EHQP
[Fri Oct 24 12:08:58 202] - black HOIO
[Fri Oct 24 12:08:58 202] - white JQIQ
[Fri Oct 24 12:08:58 202] - black JPHP
[Fri Oct 24 12:08:58 202] - white GPGQ
[Fri Oct 24 12:08:58 202] - black AMAL
[Fri Oct 24 12:08:58 202] - white AKAN
[Fri Oct 24 12:08:58 202] - black BKCJ
[Fri Oct 24 12:08:58 202] - next
[Fri Oct 24 12:09:06 202] - new xxx
[Fri Oct 24 12:09:06 202] - black KJKJ
[Fri Oct 24 12:09:06 202] - white JJLJ
[Fri Oct 24 12:09:06 202] - black IJIK
[Fri Oct 24 12:09:06 202] - white IIIL
[Fri Oct 24 12:09:06 202] - black HKGM
[Fri Oct 24 12:09:06 202] - white JKGL
[Fri Oct 24 12:09:06 202] - black JLIM
[Fri Oct 24 12:09:06 202] - white HJHM
[Fri Oct 24 12:09:06 202] - black JMKM
[Fri Oct 24 12:09:06 202] - white LMLN
[Fri Oct 24 12:09:06 202] - black LLMK
[Fri Oct 24 12:09:06 202] - white JNNJ
[Fri Oct 24 12:09:06 202] - black KHKI
[Fri Oct 24 12:09:06 202] - white KKKG
[Fri Oct 24 12:09:06 202] - black KLML
[Fri Oct 24 12:09:06 202] - white NLJI
[Fri Oct 24 12:09:06 202] - black LKNK
[Fri Oct 24 12:09:06 202] - white MJIN
[Fri Oct 24 12:09:06 202] - black MMMN
[Fri Oct 24 12:09:06 202] - white MONM
[Fri Oct 24 12:09:06 202] - black KNLO
[Fri Oct 24 12:09:06 202] - white KOMP
[Fri Oct 24 12:09:06 202] - black QHPI
[Fri Oct 24 12:09:06 202] - white OJOK
[Fri Oct 24 12:09:06 202] - black PPQQ
[Fri Oct 24 12:09:06 202] - white OORR
[Fri Oct 24 12:09:06 202] - black NNON
[Fri Oct 24 12:09:06 202] - white PNHL
[Fri Oct 24 12:09:06 202] - black FLFN
[Fri Oct 24 12:09:06 202] - white HNFM
[Fri Oct 24 12:09:06 202] - black GNJO
[Fri Oct 24 12:09:06 202] - white GOKP
[Fri Oct 24 12:09:06 202] - black IPEO
[Fri Oct 24 12:09:06 202] - white HQDP
[Fri Oct 24 12:09:06 202] - black JHRG
[Fri Oct 24 12:09:06 202] - white LHIH
[Fri Oct 24 12:09:06 202] - black LIEM
[Fri Oct 24 12:09:06 202] - white ENDN
[Fri Oct 24 12:09:06 202] - black DMDL
[Fri Oct 24 12:09:06 202] - white CKEL
[Fri Oct 24 12:09:06 202] - black DKDI
[Fri Oct 24 12:09:06 202] - white DJEK
[Fri Oct 24 12:09:06 202] - black FKGK
[Fri Oct 24 12:09:06 202] - white EJFJ
[Fri Oct 24 12:09:06 202] - black GIFI
[Fri Oct 24 12:09:06 202] - white EIHI
[Fri Oct 24 12:09:06 202] - black GJPJ
[Fri Oct 24 12:09:06 202] - white GHPH
[Fri Oct 24 12:09:06 202] - black POPM
[Fri Oct 24 12:09:06 202] - white EHQP
[Fri Oct 24 12:09:06 202] - black HOIO
[Fri Oct 24 12:09:06 202] - white JQIQ
[Fri Oct 24 12:09:06 202] - black JPHP
[Fri Oct 24 12:09:06 202] - white GPGQ
[Fri Oct 24 12:09:06 202] - black AMAL
[Fri Oct 24 12:09:06 202] - white AKAN
[Fri Oct 24 12:09:06 202] - black BKCJ
[Fri Oct 24 12:09:06 202] - white QLCL
[Fri Oct 24 12:09:06 202] - black KQLQ
[Fri Oct 24 12:09:06 202] - next
[Fri Oct 24 12:09:18 202] - new xxx
[Fri Oct 24 12:09:18 202] - black KJKJ
[Fri Oct 24 12:09:18 202] - white JJLJ
[Fri Oct 24 12:09:18 202] - black IJIK
[Fri Oct 24 12:09:18 202] - white IIIL
[Fri Oct 24 12:09:18 202] - black HKGM
[Fri Oct 24 12:09:18 202] - white JKGL
[Fri Oct 24 12:09:18 202] - black JLIM
[Fri Oct 24 12:09:18 202] - white HJHM
[Fri Oct 24 12:09:18 202] - black JMKM
[Fri Oct 24 12:09:18 202] - white LMLN
[Fri Oct 24 12:09:18 202] - black LLMK
[Fri Oct 24 12:09:18 202] - white JNNJ
[Fri Oct 24 12:09:18 202] - black KHKI
[Fri Oct 24 12:09:18 202] - white KKKG
[Fri Oct 24 12:09:18 202] - black KLML
[Fri Oct 24 12:09:18 202] - white NLJI
[Fri Oct 24 12:09:18 202] - black LKNK
[Fri Oct 24 12:09:18 202] - white MJIN
[Fri Oct 24 12:09:18 202] - black MMMN
[Fri Oct 24 12:09:18 202] - white MONM
[Fri Oct 24 12:09:18 202] - black KNLO
[Fri Oct 24 12:09:18 202] - white KOMP
[Fri Oct 24 12:09:18 202] - black QHPI
[Fri Oct 24 12:09:18 202] - white OJOK
[Fri Oct 24 12:09:18 202] - black PPQQ
[Fri Oct 24 12:09:18 202] - white OORR
[Fri Oct 24 12:09:18 202] - black NNON
[Fri Oct 24 12:09:18 202] - white PNHL
[Fri Oct 24 12:09:18 202] - black FLFN
[Fri Oct 24 12:09:18 202] - white HNFM
[Fri Oct 24 12:09:18 202] - black GNJO
[Fri Oct 24 12:09:18 202] - white GOKP
[Fri Oct 24 12:09:18 202] - black IPEO
[Fri Oct 24 12:09:18 202] - white HQDP
[Fri Oct 24 12:09:18 202] - black JHRG
[Fri Oct 24 12:09:18 202] - white LHIH
[Fri Oct 24 12:09:18 202] - black LIEM
[Fri Oct 24 12:09:18 202] - white ENDN
[Fri Oct 24 12:09:18 202] - black DMDL
[Fri Oct 24 12:09:18 202] - white CKEL
[Fri Oct 24 12:09:18 202] - black DKDI
[Fri Oct 24 12:09:18 202] - white DJEK
[Fri Oct 24 12:09:18 202] - black FKGK
[Fri Oct 24 12:09:18 202] - white EJFJ
[Fri Oct 24 12:09:18 202] - black GIFI
[Fri Oct 24 12:09:18 202] - white EIHI
[Fri Oct 24 12:09:18 202] - black GJPJ
[Fri Oct 24 12:09:18 202] - white GHPH
[Fri Oct 24 12:09:18 202] - black POPM
[Fri Oct 24 12:09:18 202] - white EHQP
[Fri Oct 24 12:09:18 202] - black HOIO
[Fri Oct 24 12:09:18 202] - white JQIQ
[Fri Oct 24 12:09:18 202] - black JPHP
[Fri Oct 24 12:09:18 202] - white GPGQ
[Fri Oct 24 12:09:18 202] - black AMAL
[Fri Oct 24 12:09:18 202] - white AKAN
[Fri Oct 24 12:09:18 202] - black BKCJ
[Fri Oct 24 12:09:18 202] - white QLCL
[Fri Oct 24 12:09:18 202] - black KQLQ
[Fri Oct 24 12:09:18 202] - white LRMQ
[Fri Oct 24 12:09:18 202] - black NOOP
[Fri Oct 24 12:09:18 202] - next
[Fri Oct 24 12:09:28 202] - new xxx
[Fri Oct 24 12:09:28 202] - black KJKJ
[Fri Oct 24 12:09:28 202] - white JJLJ
[Fri Oct 24 12:09:28 202] - black IJIK
[Fri Oct 24 12:09:28 202] - white IIIL
[Fri Oct 24 12:09:28 202] - black HKGM
[Fri Oct 24 12:09:28 202] - white JKGL
[Fri Oct 24 12:09:28 202] - black JLIM
[Fri Oct 24 12:09:28 202] - white HJHM
[Fri Oct 24 12:09:28 202] - black JMKM
[Fri Oct 24 12:09:28 202] - white LMLN
[Fri Oct 24 12:09:28 202] - black LLMK
[Fri Oct 24 12:09:28 202] - white JNNJ
[Fri Oct 24 12:09:28 202] - black KHKI
[Fri Oct 24 12:09:28 202] - white KKKG
[Fri Oct 24 12:09:28 202] - black KLML
[Fri Oct 24 12:09:28 202] - white NLJI
[Fri Oct 24 12:09:28 202] - black LKNK
[Fri Oct 24 12:09:28 202] - white MJIN
[Fri Oct 24 12:09:28 202] - black MMMN
[Fri Oct 24 12:09:28 202] - white MONM
[Fri Oct 24 12:09:28 202] - black KNLO
[Fri Oct 24 12:09:28 202] - white KOMP
[Fri Oct 24 12:09:28 202] - black QHPI
[Fri Oct 24 12:09:28 202] - white OJOK
[Fri Oct 24 12:09:28 202] - black PPQQ
[Fri Oct 24 12:09:28 202] - white OORR
[Fri Oct 24 12:09:28 202] - black NNON
[Fri Oct 24 12:09:28 202] - white PNHL
[Fri Oct 24 12:09:28 202] - black FLFN
[Fri Oct 24 12:09:28 202] - white HNFM
[Fri Oct 24 12:09:28 202] - black GNJO
[Fri Oct 24 12:09:28 202] - white GOKP
[Fri Oct 24 12:09:28 202] - black IPEO
[Fri Oct 24 12:09:28 202] - white HQDP
[Fri Oct 24 12:09:28 202] - black JHRG
[Fri Oct 24 12:09:28 202] - white LHIH
[Fri Oct 24 12:09:28 202] - black LIEM
[Fri Oct 24 12:09:28 202] - white ENDN
[Fri Oct 24 12:09:28 202] - black DMDL
[Fri Oct 24 12:09:28 202] - white CKEL
[Fri Oct 24 12:09:28 202] - black DKDI
[Fri Oct 24 12:09:28 202] - white DJEK
[Fri Oct 24 12:09:28 202] - black FKGK
[Fri Oct 24 12:09:28 202] - white EJFJ
[Fri Oct 24 12:09:28 202] - black GIFI
[Fri Oct 24 12:09:28 202] - white EIHI
[Fri Oct 24 12:09:28 202] - black GJPJ
[Fri Oct 24 12:09:28 202] - white GHPH
[Fri Oct 24 12:09:28 202] - black POPM
[Fri Oct 24 12:09:28 202] - white EHQP
[Fri Oct 24 12:09:28 202] - black HOIO
[Fri Oct 24 12:09:28 202] - white JQIQ
[Fri Oct 24 12:09:28 202] - black JPHP
[Fri Oct 24 12:09:28 202] - white GPGQ
[Fri Oct 24 12:09:28 202] - black AMAL
[Fri Oct 24 12:09:28 202] - white AKAN
[Fri Oct 24 12:09:28 202] - black BKCJ
[Fri Oct 24 12:09:28 202] - white QLCL
[Fri Oct 24 12:09:28 202] - black KQLQ
[Fri Oct 24 12:09:28 202] - white LRMQ
[Fri Oct 24 12:09:28 202] - black NOOP
[Fri Oct 24 12:09:28 202] - white PQQN
[Fri Oct 24 12:09:28 202] - black AACA
[Fri Oct 24 12:09:28 202] - next
[Mon Oct 27 12:58:25 202] - name
[Mon Oct 27 12:58:25 202] - depth 4
[Mon Oct 27 12:58:25 202] - vcf
[Mon Oct 27 12:58:28 202] - name
[Mon Oct 27 12:58:28 202] - depth 4
[Mon Oct 27 12:58:28 202] - vcf
[Mon Oct 27 12:58:28 202] - new xxx
[Mon Oct 27 12:58:28 202] - next
[Mon Oct 27 12:58:29 202] - new xxx
[Mon Oct 27 12:58:29 202] - black JJJJ
[Mon Oct 27 12:58:29 202] - white IJIK
[Mon Oct 27 12:58:29 202] - next
[Mon Oct 27 12:58:38 202] - new xxx
[Mon Oct 27 12:58:38 202] - black JJJJ
[Mon Oct 27 12:58:38 202] - white IJIK
[Mon Oct 27 12:58:38 202] - black JKJM
[Mon Oct 27 12:58:38 202] - white JLIL
[Mon Oct 27 12:58:38 202] - next
[Mon Oct 27 12:58:43 202] - new xxx
[Mon Oct 27 12:58:43 202] - black JJJJ
[Mon Oct 27 12:58:43 202] - white IJIK
[Mon Oct 27 12:58:43 202] - black JKJM
[Mon Oct 27 12:58:43 202] - white JLIL
[Mon Oct 27 12:58:43 202] - black KLJI
[Mon Oct 27 12:58:43 202] - white IIIH
[Mon Oct 27 12:58:43 202] - next
[Mon Oct 27 12:58:45 202] - new xxx
[Mon Oct 27 12:58:45 202] - black JJJJ
[Mon Oct 27 12:58:45 202] - white IJIK
[Mon Oct 27 12:58:45 202] - black JKJM
[Mon Oct 27 12:58:45 202] - white JLIL
[Mon Oct 27 12:58:45 202] - black KLJI
[Mon Oct 27 12:58:45 202] - white IIIH
[Mon Oct 27 12:58:45 202] - black IMIG
[Mon Oct 27 12:58:45 202] - white JHKI
[Mon Oct 27 12:58:45 202] - next
[Mon Oct 27 12:58:47 202] - new xxx
[Mon Oct 27 12:58:47 202] - black JJJJ
[Mon Oct 27 12:58:47 202] - white IJIK
[Mon Oct 27 12:58:47 202] - black JKJM
[Mon Oct 27 12:58:47 202] - white JLIL
[Mon Oct 27 12:58:47 202] - black KLJI
[Mon Oct 27 12:58:47 202] - white IIIH
[Mon Oct 27 12:58:47 202] - black IMIG
[Mon Oct 27 12:58:47 202] - white JHKI
[Mon Oct 27 12:58:47 202] - black KJKK
[Mon Oct 27 12:58:47 202] - white LKLJ
[Mon Oct 27 12:58:47 202] - next
[Mon Oct 27 12:58:50 202] - new xxx
[Mon Oct 27 12:58:50 202] - black JJJJ
[Mon Oct 27 12:58:50 202] - white IJIK
[Mon Oct 27 12:58:50 202] - black JKJM
[Mon Oct 27 12:58:50 202] - white JLIL
[Mon Oct 27 12:58:50 202] - black KLJI
[Mon Oct 27 12:58:50 202] - white IIIH
[Mon Oct 27 12:58:50 202] - black IMIG
[Mon Oct 27 12:58:50 202] - white JHKI
[Mon Oct 27 12:58:50 202] - black KJKK
[Mon Oct 27 12:58:50 202] - white LKLJ
[Mon Oct 27 12:58:50 202] - black LIHJ
[Mon Oct 27 12:58:50 202] - white LLKM
[Mon Oct 27 12:58:50 202] - next
[Mon Oct 27 12:58:53 202] - new xxx
[Mon Oct 27 12:58:53 202] - black JJJJ
[Mon Oct 27 12:58:53 202] - white IJIK
[Mon Oct 27 12:58:53 202] - black JKJM
[Mon Oct 27 12:58:53 202] - white JLIL
[Mon Oct 27 12:58:53 202] - black KLJI
[Mon Oct 27 12:58:53 202] - white IIIH
[Mon Oct 27 12:58:53 202] - black IMIG
[Mon Oct 27 12:58:53 202] - white JHKI
[Mon Oct 27 12:58:53 202] - black KJKK
[Mon Oct 27 12:58:53 202] - white LKLJ
[Mon Oct 27 12:58:53 202] - black LIHJ
[Mon Oct 27 12:58:53 202] - white LLKM
[Mon Oct 27 12:58:53 202] - black LMHK
[Mon Oct 27 12:58:53 202] - white MNHL
[Mon Oct 27 12:58:53 202] - next
[Mon Oct 27 12:58:57 202] - new xxx
[Mon Oct 27 12:58:57 202] - black JJJJ
[Mon Oct 27 12:58:57 202] - white IJIK
[Mon Oct 27 12:58:57 202] - black JKJM
[Mon Oct 27 12:58:57 202] - white JLIL
[Mon Oct 27 12:58:57 202] - black KLJI
[Mon Oct 27 12:58:57 202] - white IIIH
[Mon Oct 27 12:58:57 202] - black IMIG
[Mon Oct 27 12:58:57 202] - white JHKI
[Mon Oct 27 12:58:57 202] - black KJKK
[Mon Oct 27 12:58:57 202] - white LKLJ
[Mon Oct 27 12:58:57 202] - black LIHJ
[Mon Oct 27 12:58:57 202] - white LLKM
[Mon Oct 27 12:58:57 202] - black LMHK
[Mon Oct 27 12:58:57 202] - white MNHL
[Mon Oct 27 12:58:57 202] - black HMHI
[Mon Oct 27 12:58:57 202] - white GLFL
[Mon Oct 27 12:58:57 202] - next
[Mon Oct 27 12:59:09 202] - name
[Mon Oct 27 12:59:09 202] - depth 4
[Mon Oct 27 12:59:09 202] - vcf
[Mon Oct 27 12:59:12 202] - name
[Mon Oct 27 12:59:12 202] - depth 4
[Mon Oct 27 12:59:12 202] - vcf
[Mon Oct 27 12:59:12 202] - new xxx
[Mon Oct 27 12:59:12 202] - black JJJJ
[Mon Oct 27 12:59:12 202] - next
[Mon Oct 27 12:59:19 202] - new xxx
[Mon Oct 27 12:59:19 202] - black JJJJ
[Mon Oct 27 12:59:19 202] - white JKJI
[Mon Oct 27 12:59:19 202] - black IJHJ
[Mon Oct 27 12:59:19 202] - next
[Mon Oct 27 12:59:24 202] - new xxx
[Mon Oct 27 12:59:24 202] - black JJJJ
[Mon Oct 27 12:59:24 202] - white JKJI
[Mon Oct 27 12:59:24 202] - black IJHJ
[Mon Oct 27 12:59:24 202] - white IIGJ
[Mon Oct 27 12:59:24 202] - black KJLJ
[Mon Oct 27 12:59:24 202] - next
[Mon Oct 27 12:59:32 202] - new xxx
[Mon Oct 27 12:59:32 202] - black JJJJ
[Mon Oct 27 12:59:32 202] - white JKJI
[Mon Oct 27 12:59:32 202] - black IJHJ
[Mon Oct 27 12:59:32 202] - white IIGJ
[Mon Oct 27 12:59:32 202] - black KJLJ
[Mon Oct 27 12:59:32 202] - white KIHI
[Mon Oct 27 12:59:32 202] - black GILI
[Mon Oct 27 12:59:32 202] - next
[Mon Oct 27 12:59:35 202] - new xxx
[Mon Oct 27 12:59:35 202] - black JJJJ
[Mon Oct 27 12:59:35 202] - white JKJI
[Mon Oct 27 12:59:35 202] - black IJHJ
[Mon Oct 27 12:59:35 202] - white IIGJ
[Mon Oct 27 12:59:35 202] - black KJLJ
[Mon Oct 27 12:59:35 202] - white KIHI
[Mon Oct 27 12:59:35 202] - black GILI
[Mon Oct 27 12:59:35 202] - white LHKK
[Mon Oct 27 12:59:35 202] - black MINH
[Mon Oct 27 12:59:35 202] - next
[Thu Oct 30 15:51:52 202] - name
[Thu Oct 30 15:51:52 202] - depth 4
[Thu Oct 30 15:51:52 202] - vcf
[Thu Oct 30 15:51:54 202] - name
[Thu Oct 30 15:51:54 202] - depth 4
[Thu Oct 30 15:51:54 202] - vcf
[Thu Oct 30 15:51:54 202] - new xxx
[Thu Oct 30 15:51:54 202] - next
[Thu Oct 30 15:51:55 202] - new xxx
[Thu Oct 30 15:51:55 202] - black JJJJ
[Thu Oct 30 15:51:55 202] - white IJJK
[Thu Oct 30 15:51:55 202] - next
[Thu Oct 30 15:52:02 202] - new xxx
[Thu Oct 30 15:52:02 202] - black JJJJ
[Thu Oct 30 15:52:02 202] - white IJJK
[Thu Oct 30 15:52:02 202] - black IKJI
[Thu Oct 30 15:52:02 202] - white JHHK
[Thu Oct 30 15:52:02 202] - next
[Thu Oct 30 15:52:13 202] - new xxx
[Thu Oct 30 15:52:13 202] - black JJJJ
[Thu Oct 30 15:52:13 202] - white IJJK
[Thu Oct 30 15:52:13 202] - black IKJI
[Thu Oct 30 15:52:13 202] - white JHHK
[Thu Oct 30 15:52:13 202] - black HJLH
[Thu Oct 30 15:52:13 202] - white KIKJ
[Thu Oct 30 15:52:13 202] - next
[Thu Oct 30 15:52:21 202] - new xxx
[Thu Oct 30 15:52:21 202] - black JJJJ
[Thu Oct 30 15:52:21 202] - white IJJK
[Thu Oct 30 15:52:21 202] - black IKJI
[Thu Oct 30 15:52:21 202] - white JHHK
[Thu Oct 30 15:52:21 202] - black HJLH
[Thu Oct 30 15:52:21 202] - white KIKJ
[Thu Oct 30 15:52:21 202] - black KHIL
[Thu Oct 30 15:52:21 202] - white MHKK
[Thu Oct 30 15:52:21 202] - next
[Thu Oct 30 15:52:26 202] - new xxx
[Thu Oct 30 15:52:26 202] - black JJJJ
[Thu Oct 30 15:52:26 202] - white IJJK
[Thu Oct 30 15:52:26 202] - black IKJI
[Thu Oct 30 15:52:26 202] - white JHHK
[Thu Oct 30 15:52:26 202] - black HJLH
[Thu Oct 30 15:52:26 202] - white KIKJ
[Thu Oct 30 15:52:26 202] - black KHIL
[Thu Oct 30 15:52:26 202] - white MHKK
[Thu Oct 30 15:52:26 202] - black LILK
[Thu Oct 30 15:52:26 202] - white KLKM
[Thu Oct 30 15:52:26 202] - next
